==============================================================
Vitis HLS - High-Level Synthesis from C, C++ and OpenCL v2023.2 (64-bit)
Tool Version Limit: 2023.10
Copyright 1986-2022 Xilinx, Inc. All Rights Reserved.
Copyright 2022-2023 Advanced Micro Devices, Inc. All Rights Reserved.

==============================================================
INFO: [SYN 201-201] Setting up clock 'default' with a period of 10ns.
INFO: [HLS 200-1611] Setting target device to 'xc7a200t-fbg676-2'
INFO: [HLS 200-1505] Using flow_target 'vivado'
INFO: [HLS 200-1510] Running: set_part xc7a200tfbg676-2 
INFO: [HLS 200-1510] Running: create_clock -period 10 -name default 
INFO: [SYN 201-201] Setting up clock 'default' with a period of 10ns.
INFO: [HLS 200-1510] Running: csim_design -setup -quiet 
INFO: [SIM 211-2] *************** CSIM start ***************
INFO: [SIM 211-4] CSIM will launch GCC as the compiler.
INFO: [HLS 200-2036] Building debug C Simulation binaries
ERROR: [SIM 211-100] CSim file generation failed: compilation error(s).
INFO: [SIM 211-3] *************** CSIM finish ***************
INFO: [HLS 200-111] Finished Command csim_design CPU user time: 0.14 seconds. CPU system time: 0.08 seconds. Elapsed time: 0.22 seconds; current allocated memory: 0.000 MB.
==============================================================
Vitis HLS - High-Level Synthesis from C, C++ and OpenCL v2023.2 (64-bit)
Tool Version Limit: 2023.10
Copyright 1986-2022 Xilinx, Inc. All Rights Reserved.
Copyright 2022-2023 Advanced Micro Devices, Inc. All Rights Reserved.

==============================================================
INFO: [SYN 201-201] Setting up clock 'default' with a period of 10ns.
INFO: [HLS 200-1611] Setting target device to 'xc7a200t-fbg676-2'
INFO: [HLS 200-1505] Using flow_target 'vivado'
INFO: [HLS 200-1510] Running: set_part xc7a200tfbg676-2 
INFO: [HLS 200-1510] Running: create_clock -period 10 -name default 
INFO: [HLS 200-1510] Running: csim_design -setup -quiet 
INFO: [SIM 211-2] *************** CSIM start ***************
INFO: [SIM 211-4] CSIM will launch GCC as the compiler.
INFO: [HLS 200-2036] Building debug C Simulation binaries
ERROR: [SIM 211-100] CSim file generation failed: compilation error(s).
INFO: [SIM 211-3] *************** CSIM finish ***************
INFO: [HLS 200-111] Finished Command csim_design CPU user time: 1.68 seconds. CPU system time: 0.17 seconds. Elapsed time: 1.87 seconds; current allocated memory: 0.000 MB.
==============================================================
Vitis HLS - High-Level Synthesis from C, C++ and OpenCL v2023.2 (64-bit)
Tool Version Limit: 2023.10
Copyright 1986-2022 Xilinx, Inc. All Rights Reserved.
Copyright 2022-2023 Advanced Micro Devices, Inc. All Rights Reserved.

==============================================================
INFO: [SYN 201-201] Setting up clock 'default' with a period of 10ns.
INFO: [HLS 200-1611] Setting target device to 'xc7a200t-fbg676-2'
INFO: [HLS 200-1505] Using flow_target 'vivado'
INFO: [HLS 200-1510] Running: set_part xc7a200tfbg676-2 
INFO: [HLS 200-1510] Running: create_clock -period 10 -name default 
INFO: [HLS 200-1510] Running: csim_design -setup -quiet 
INFO: [SIM 211-2] *************** CSIM start ***************
INFO: [SIM 211-4] CSIM will launch GCC as the compiler.
INFO: [HLS 200-2036] Building debug C Simulation binaries
ERROR: [SIM 211-100] CSim file generation failed: compilation error(s).
INFO: [SIM 211-3] *************** CSIM finish ***************
INFO: [HLS 200-111] Finished Command csim_design CPU user time: 1.86 seconds. CPU system time: 0.22 seconds. Elapsed time: 2.06 seconds; current allocated memory: 0.000 MB.
==============================================================
Vitis HLS - High-Level Synthesis from C, C++ and OpenCL v2023.2 (64-bit)
Tool Version Limit: 2023.10
Copyright 1986-2022 Xilinx, Inc. All Rights Reserved.
Copyright 2022-2023 Advanced Micro Devices, Inc. All Rights Reserved.

==============================================================
INFO: [SYN 201-201] Setting up clock 'default' with a period of 10ns.
INFO: [HLS 200-1611] Setting target device to 'xc7a200t-fbg676-2'
INFO: [HLS 200-1505] Using flow_target 'vivado'
INFO: [HLS 200-1510] Running: set_part xc7a200tfbg676-2 
INFO: [HLS 200-1510] Running: create_clock -period 10 -name default 
INFO: [HLS 200-1510] Running: csim_design -setup -quiet 
INFO: [SIM 211-2] *************** CSIM start ***************
INFO: [SIM 211-4] CSIM will launch GCC as the compiler.
INFO: [HLS 200-2036] Building debug C Simulation binaries
ERROR: [SIM 211-100] CSim file generation failed: compilation error(s).
INFO: [SIM 211-3] *************** CSIM finish ***************
INFO: [HLS 200-111] Finished Command csim_design CPU user time: 1.57 seconds. CPU system time: 0.17 seconds. Elapsed time: 1.73 seconds; current allocated memory: 0.000 MB.
==============================================================
Vitis HLS - High-Level Synthesis from C, C++ and OpenCL v2023.2 (64-bit)
Tool Version Limit: 2023.10
Copyright 1986-2022 Xilinx, Inc. All Rights Reserved.
Copyright 2022-2023 Advanced Micro Devices, Inc. All Rights Reserved.

==============================================================
INFO: [SYN 201-201] Setting up clock 'default' with a period of 10ns.
INFO: [HLS 200-1611] Setting target device to 'xc7a200t-fbg676-2'
INFO: [HLS 200-1505] Using flow_target 'vivado'
INFO: [HLS 200-1510] Running: set_part xc7a200tfbg676-2 
INFO: [HLS 200-1510] Running: create_clock -period 10 -name default 
INFO: [HLS 200-1510] Running: csim_design -setup -quiet 
INFO: [SIM 211-2] *************** CSIM start ***************
INFO: [SIM 211-4] CSIM will launch GCC as the compiler.
INFO: [HLS 200-2036] Building debug C Simulation binaries
ERROR: [SIM 211-100] CSim file generation failed: compilation error(s).
INFO: [SIM 211-3] *************** CSIM finish ***************
INFO: [HLS 200-111] Finished Command csim_design CPU user time: 4.4 seconds. CPU system time: 0.43 seconds. Elapsed time: 5.01 seconds; current allocated memory: 0.000 MB.
==============================================================
Vitis HLS - High-Level Synthesis from C, C++ and OpenCL v2023.2 (64-bit)
Tool Version Limit: 2023.10
Copyright 1986-2022 Xilinx, Inc. All Rights Reserved.
Copyright 2022-2023 Advanced Micro Devices, Inc. All Rights Reserved.

==============================================================
INFO: [SYN 201-201] Setting up clock 'default' with a period of 10ns.
INFO: [HLS 200-1611] Setting target device to 'xc7a200t-fbg676-2'
INFO: [HLS 200-1505] Using flow_target 'vivado'
INFO: [HLS 200-1510] Running: set_part xc7a200tfbg676-2 
INFO: [HLS 200-1510] Running: create_clock -period 10 -name default 
INFO: [HLS 200-1510] Running: csim_design -setup -quiet 
INFO: [SIM 211-2] *************** CSIM start ***************
INFO: [SIM 211-4] CSIM will launch GCC as the compiler.
INFO: [HLS 200-2036] Building debug C Simulation binaries
ERROR: [SIM 211-100] CSim file generation failed: compilation error(s).
INFO: [SIM 211-3] *************** CSIM finish ***************
INFO: [HLS 200-111] Finished Command csim_design CPU user time: 0.15 seconds. CPU system time: 0.1 seconds. Elapsed time: 0.24 seconds; current allocated memory: 0.000 MB.
==============================================================
Vitis HLS - High-Level Synthesis from C, C++ and OpenCL v2023.2 (64-bit)
Tool Version Limit: 2023.10
Copyright 1986-2022 Xilinx, Inc. All Rights Reserved.
Copyright 2022-2023 Advanced Micro Devices, Inc. All Rights Reserved.

==============================================================
INFO: [SYN 201-201] Setting up clock 'default' with a period of 10ns.
INFO: [HLS 200-1611] Setting target device to 'xc7a200t-fbg676-2'
INFO: [HLS 200-1505] Using flow_target 'vivado'
INFO: [HLS 200-1510] Running: set_part xc7a200tfbg676-2 
INFO: [HLS 200-1510] Running: create_clock -period 10 -name default 
INFO: [HLS 200-1510] Running: csim_design -setup -quiet 
INFO: [SIM 211-2] *************** CSIM start ***************
INFO: [SIM 211-4] CSIM will launch GCC as the compiler.
INFO: [HLS 200-2036] Building debug C Simulation binaries
INFO: [HLS 200-2035] Skipping execution of C Simulation due to 'setup' option
INFO: [SIM 211-1] CSim file generation done with 0 errors.
INFO: [SIM 211-3] *************** CSIM finish ***************
INFO: [HLS 200-111] Finished Command csim_design CPU user time: 5.63 seconds. CPU system time: 0.5 seconds. Elapsed time: 6.18 seconds; current allocated memory: 0.000 MB.
==============================================================
Vitis HLS - High-Level Synthesis from C, C++ and OpenCL v2023.2 (64-bit)
Tool Version Limit: 2023.10
Copyright 1986-2022 Xilinx, Inc. All Rights Reserved.
Copyright 2022-2023 Advanced Micro Devices, Inc. All Rights Reserved.

==============================================================
INFO: [SYN 201-201] Setting up clock 'default' with a period of 10ns.
INFO: [HLS 200-1611] Setting target device to 'xc7a200t-fbg676-2'
INFO: [HLS 200-1505] Using flow_target 'vivado'
INFO: [HLS 200-1510] Running: set_part xc7a200tfbg676-2 
INFO: [HLS 200-1510] Running: create_clock -period 10 -name default 
INFO: [SYN 201-201] Setting up clock 'default' with a period of 10ns.
INFO: [HLS 200-1510] Running: csynth_design 
INFO: [HLS 200-111] Finished File checks and directory preparation: CPU user time: 0.09 seconds. CPU system time: 0.02 seconds. Elapsed time: 0.11 seconds; current allocated memory: 233.227 MB.
INFO: [HLS 200-10] Analyzing design file 'bit_reversal/Diseno/bit_reversal_accel.cpp' ... 
INFO: [HLS 200-111] Finished Source Code Analysis and Preprocessing: CPU user time: 4 seconds. CPU system time: 0.52 seconds. Elapsed time: 4.8 seconds; current allocated memory: 234.117 MB.
INFO: [HLS 200-777] Using interface defaults for 'Vivado' flow target.
INFO: [HLS 200-1995] There were 354 instructions in the design after the 'Compile/Link' phase of compilation. See the Design Size Report for more details: /home/fluctlights/HlsProjects/bit_reversal/solution1/syn/report/csynth_design_size.rpt
INFO: [HLS 200-1995] There were 247 instructions in the design after the 'Unroll/Inline (step 1)' phase of compilation. See the Design Size Report for more details: /home/fluctlights/HlsProjects/bit_reversal/solution1/syn/report/csynth_design_size.rpt
INFO: [HLS 200-1995] There were 196 instructions in the design after the 'Unroll/Inline (step 2)' phase of compilation. See the Design Size Report for more details: /home/fluctlights/HlsProjects/bit_reversal/solution1/syn/report/csynth_design_size.rpt
INFO: [HLS 200-1995] There were 200 instructions in the design after the 'Unroll/Inline (step 3)' phase of compilation. See the Design Size Report for more details: /home/fluctlights/HlsProjects/bit_reversal/solution1/syn/report/csynth_design_size.rpt
INFO: [HLS 200-1995] There were 153 instructions in the design after the 'Unroll/Inline (step 4)' phase of compilation. See the Design Size Report for more details: /home/fluctlights/HlsProjects/bit_reversal/solution1/syn/report/csynth_design_size.rpt
INFO: [HLS 200-1995] There were 153 instructions in the design after the 'Array/Struct (step 1)' phase of compilation. See the Design Size Report for more details: /home/fluctlights/HlsProjects/bit_reversal/solution1/syn/report/csynth_design_size.rpt
INFO: [HLS 200-1995] There were 153 instructions in the design after the 'Array/Struct (step 2)' phase of compilation. See the Design Size Report for more details: /home/fluctlights/HlsProjects/bit_reversal/solution1/syn/report/csynth_design_size.rpt
INFO: [HLS 200-1995] There were 153 instructions in the design after the 'Array/Struct (step 3)' phase of compilation. See the Design Size Report for more details: /home/fluctlights/HlsProjects/bit_reversal/solution1/syn/report/csynth_design_size.rpt
INFO: [HLS 200-1995] There were 153 instructions in the design after the 'Array/Struct (step 4)' phase of compilation. See the Design Size Report for more details: /home/fluctlights/HlsProjects/bit_reversal/solution1/syn/report/csynth_design_size.rpt
INFO: [HLS 200-1995] There were 209 instructions in the design after the 'Array/Struct (step 5)' phase of compilation. See the Design Size Report for more details: /home/fluctlights/HlsProjects/bit_reversal/solution1/syn/report/csynth_design_size.rpt
INFO: [HLS 200-1995] There were 210 instructions in the design after the 'Performance (step 1)' phase of compilation. See the Design Size Report for more details: /home/fluctlights/HlsProjects/bit_reversal/solution1/syn/report/csynth_design_size.rpt
INFO: [HLS 200-1995] There were 204 instructions in the design after the 'Performance (step 2)' phase of compilation. See the Design Size Report for more details: /home/fluctlights/HlsProjects/bit_reversal/solution1/syn/report/csynth_design_size.rpt
INFO: [HLS 200-1995] There were 156 instructions in the design after the 'Performance (step 3)' phase of compilation. See the Design Size Report for more details: /home/fluctlights/HlsProjects/bit_reversal/solution1/syn/report/csynth_design_size.rpt
INFO: [HLS 200-1995] There were 156 instructions in the design after the 'Performance (step 4)' phase of compilation. See the Design Size Report for more details: /home/fluctlights/HlsProjects/bit_reversal/solution1/syn/report/csynth_design_size.rpt
INFO: [HLS 200-1995] There were 133 instructions in the design after the 'HW Transforms (step 1)' phase of compilation. See the Design Size Report for more details: /home/fluctlights/HlsProjects/bit_reversal/solution1/syn/report/csynth_design_size.rpt
INFO: [HLS 200-1995] There were 122 instructions in the design after the 'HW Transforms (step 2)' phase of compilation. See the Design Size Report for more details: /home/fluctlights/HlsProjects/bit_reversal/solution1/syn/report/csynth_design_size.rpt
INFO: [HLS 214-291] Loop 'VITIS_LOOP_6_1' is marked as complete unroll implied by the pipeline pragma (bit_reversal/Diseno/bit_reversal_accel.cpp:6:21)
INFO: [HLS 214-186] Unrolling loop 'VITIS_LOOP_6_1' (bit_reversal/Diseno/bit_reversal_accel.cpp:6:21) in function 'reverse_bits' completely with a factor of 32 (bit_reversal/Diseno/bit_reversal_accel.cpp:4:0)
INFO: [HLS 214-178] Inlining function 'reverse_bits(ap_uint<32>)' into 'bit_reverse_accel(hls::stream<hls::axis<ap_uint<32>, 4ul, 5ul, 5ul, (unsigned char)56, false>, 0>&, hls::stream<hls::axis<ap_uint<32>, 4ul, 5ul, 5ul, (unsigned char)56, false>, 0>&)' (bit_reversal/Diseno/bit_reversal_accel.cpp:14:0)
INFO: [HLS 200-111] Finished Compiling Optimization and Transform: CPU user time: 2.55 seconds. CPU system time: 0.38 seconds. Elapsed time: 7.63 seconds; current allocated memory: 236.383 MB.
INFO: [HLS 200-111] Finished Checking Pragmas: CPU user time: 0 seconds. CPU system time: 0 seconds. Elapsed time: 0 seconds; current allocated memory: 236.383 MB.
INFO: [HLS 200-10] Starting code transformations ...
INFO: [HLS 200-111] Finished Standard Transforms: CPU user time: 0.01 seconds. CPU system time: 0 seconds. Elapsed time: 0.04 seconds; current allocated memory: 236.848 MB.
INFO: [HLS 200-10] Checking synthesizability ...
INFO: [HLS 200-111] Finished Checking Synthesizability: CPU user time: 0.01 seconds. CPU system time: 0 seconds. Elapsed time: 0.01 seconds; current allocated memory: 236.898 MB.
INFO: [HLS 200-111] Finished Loop, function and other optimizations: CPU user time: 0.03 seconds. CPU system time: 0.01 seconds. Elapsed time: 0.05 seconds; current allocated memory: 259.184 MB.
INFO: [HLS 200-111] Finished Architecture Synthesis: CPU user time: 0.03 seconds. CPU system time: 0 seconds. Elapsed time: 0.03 seconds; current allocated memory: 259.184 MB.
INFO: [HLS 200-10] Starting hardware synthesis ...
INFO: [HLS 200-10] Synthesizing 'bit_reverse_accel' ...
INFO: [HLS 200-10] ----------------------------------------------------------------
INFO: [HLS 200-42] -- Implementing module 'bit_reverse_accel' 
INFO: [HLS 200-10] ----------------------------------------------------------------
INFO: [SCHED 204-11] Starting scheduling ...
INFO: [SCHED 204-61] Pipelining loop 'VITIS_LOOP_23_1'.
INFO: [HLS 200-1470] Pipelining result : Target II = 1, Final II = 1, Depth = 3, loop 'VITIS_LOOP_23_1'
INFO: [SCHED 204-11] Finished scheduling.
INFO: [HLS 200-111] Finished Scheduling: CPU user time: 0.03 seconds. CPU system time: 0.01 seconds. Elapsed time: 0.05 seconds; current allocated memory: 259.184 MB.
INFO: [BIND 205-100] Starting micro-architecture generation ...
INFO: [BIND 205-101] Performing variable lifetime analysis.
INFO: [BIND 205-101] Exploring resource sharing.
INFO: [BIND 205-101] Binding ...
INFO: [BIND 205-100] Finished micro-architecture generation.
INFO: [HLS 200-111] Finished Binding: CPU user time: 0.01 seconds. CPU system time: 0 seconds. Elapsed time: 0.01 seconds; current allocated memory: 259.184 MB.
INFO: [HLS 200-10] ----------------------------------------------------------------
INFO: [HLS 200-10] -- Generating RTL for module 'bit_reverse_accel' 
INFO: [HLS 200-10] ----------------------------------------------------------------
WARNING: [RTGEN 206-101] Design contains AXI ports. Reset is fixed to synchronous and active low.
INFO: [RTGEN 206-500] Setting interface mode on port 'bit_reverse_accel/s_axis_V_data_V' to 'axis' (register, both mode).
INFO: [RTGEN 206-500] Setting interface mode on port 'bit_reverse_accel/s_axis_V_keep_V' to 'axis' (register, both mode).
INFO: [RTGEN 206-500] Setting interface mode on port 'bit_reverse_accel/s_axis_V_strb_V' to 'axis' (register, both mode).
INFO: [RTGEN 206-500] Setting interface mode on port 'bit_reverse_accel/s_axis_V_user_V' to 'axis' (register, both mode).
INFO: [RTGEN 206-500] Setting interface mode on port 'bit_reverse_accel/s_axis_V_last_V' to 'axis' (register, both mode).
INFO: [RTGEN 206-500] Setting interface mode on port 'bit_reverse_accel/s_axis_V_id_V' to 'axis' (register, both mode).
INFO: [RTGEN 206-500] Setting interface mode on port 'bit_reverse_accel/s_axis_V_dest_V' to 'axis' (register, both mode).
INFO: [RTGEN 206-500] Setting interface mode on port 'bit_reverse_accel/m_axis_V_data_V' to 'axis' (register, both mode).
INFO: [RTGEN 206-500] Setting interface mode on port 'bit_reverse_accel/m_axis_V_keep_V' to 'axis' (register, both mode).
INFO: [RTGEN 206-500] Setting interface mode on port 'bit_reverse_accel/m_axis_V_strb_V' to 'axis' (register, both mode).
INFO: [RTGEN 206-500] Setting interface mode on port 'bit_reverse_accel/m_axis_V_user_V' to 'axis' (register, both mode).
INFO: [RTGEN 206-500] Setting interface mode on port 'bit_reverse_accel/m_axis_V_last_V' to 'axis' (register, both mode).
INFO: [RTGEN 206-500] Setting interface mode on port 'bit_reverse_accel/m_axis_V_id_V' to 'axis' (register, both mode).
INFO: [RTGEN 206-500] Setting interface mode on port 'bit_reverse_accel/m_axis_V_dest_V' to 'axis' (register, both mode).
INFO: [RTGEN 206-500] Setting interface mode on function 'bit_reverse_accel' to 'ap_ctrl_none'.
INFO: [HLS 200-1030] Apply Unified Pipeline Control on module 'bit_reverse_accel' pipeline 'VITIS_LOOP_23_1' pipeline type 'loop pipeline'
INFO: [RTGEN 206-100] Finished creating RTL model for 'bit_reverse_accel'.
INFO: [HLS 200-111] Finished Creating RTL model: CPU user time: 0.04 seconds. CPU system time: 0 seconds. Elapsed time: 0.04 seconds; current allocated memory: 259.184 MB.
INFO: [HLS 200-111] Finished Generating all RTL models: CPU user time: 0.16 seconds. CPU system time: 0.01 seconds. Elapsed time: 0.18 seconds; current allocated memory: 259.184 MB.
INFO: [HLS 200-111] Finished Updating report files: CPU user time: 0.18 seconds. CPU system time: 0.02 seconds. Elapsed time: 0.22 seconds; current allocated memory: 263.977 MB.
INFO: [VHDL 208-304] Generating VHDL RTL for bit_reverse_accel.
INFO: [VLOG 209-307] Generating Verilog RTL for bit_reverse_accel.
INFO: [HLS 200-790] **** Loop Constraint Status: All loop constraints were satisfied.
INFO: [HLS 200-789] **** Estimated Fmax: 250.34 MHz
INFO: [HLS 200-111] Finished Command csynth_design CPU user time: 7.17 seconds. CPU system time: 0.97 seconds. Elapsed time: 13.17 seconds; current allocated memory: 30.918 MB.
==============================================================
Vitis HLS - High-Level Synthesis from C, C++ and OpenCL v2023.2 (64-bit)
Tool Version Limit: 2023.10
Copyright 1986-2022 Xilinx, Inc. All Rights Reserved.
Copyright 2022-2023 Advanced Micro Devices, Inc. All Rights Reserved.

==============================================================
INFO: [SYN 201-201] Setting up clock 'default' with a period of 10ns.
INFO: [HLS 200-1611] Setting target device to 'xc7a200t-fbg676-2'
INFO: [HLS 200-1505] Using flow_target 'vivado'
INFO: [HLS 200-1510] Running: set_part xc7a200tfbg676-2 
INFO: [HLS 200-1510] Running: create_clock -period 10 -name default 
INFO: [HLS 200-1510] Running: csim_design -setup -quiet 
INFO: [SIM 211-2] *************** CSIM start ***************
INFO: [SIM 211-4] CSIM will launch GCC as the compiler.
INFO: [HLS 200-2036] Building debug C Simulation binaries
ERROR: [SIM 211-100] CSim file generation failed: compilation error(s).
INFO: [SIM 211-3] *************** CSIM finish ***************
INFO: [HLS 200-111] Finished Command csim_design CPU user time: 3.73 seconds. CPU system time: 0.37 seconds. Elapsed time: 4.1 seconds; current allocated memory: 0.000 MB.
==============================================================
Vitis HLS - High-Level Synthesis from C, C++ and OpenCL v2023.2 (64-bit)
Tool Version Limit: 2023.10
Copyright 1986-2022 Xilinx, Inc. All Rights Reserved.
Copyright 2022-2023 Advanced Micro Devices, Inc. All Rights Reserved.

==============================================================
INFO: [SYN 201-201] Setting up clock 'default' with a period of 10ns.
INFO: [HLS 200-1611] Setting target device to 'xc7a200t-fbg676-2'
INFO: [HLS 200-1505] Using flow_target 'vivado'
INFO: [HLS 200-1510] Running: set_part xc7a200tfbg676-2 
INFO: [HLS 200-1510] Running: create_clock -period 10 -name default 
INFO: [SYN 201-201] Setting up clock 'default' with a period of 10ns.
INFO: [HLS 200-1510] Running: source ./bit_reversal/solution1/directives.tcl
INFO: [HLS 200-1510] Running: set_directive_top -name bit_reverse_accel bit_reverse_accel 
INFO: [HLS 200-1510] Running: csim_design -setup -quiet 
INFO: [SIM 211-2] *************** CSIM start ***************
INFO: [SIM 211-4] CSIM will launch GCC as the compiler.
INFO: [HLS 200-2036] Building debug C Simulation binaries
INFO: [HLS 200-2035] Skipping execution of C Simulation due to 'setup' option
INFO: [SIM 211-1] CSim file generation done with 0 errors.
INFO: [SIM 211-3] *************** CSIM finish ***************
INFO: [HLS 200-111] Finished Command csim_design CPU user time: 4.07 seconds. CPU system time: 0.45 seconds. Elapsed time: 4.54 seconds; current allocated memory: 0.000 MB.
==============================================================
Vitis HLS - High-Level Synthesis from C, C++ and OpenCL v2023.2 (64-bit)
Tool Version Limit: 2023.10
Copyright 1986-2022 Xilinx, Inc. All Rights Reserved.
Copyright 2022-2023 Advanced Micro Devices, Inc. All Rights Reserved.

==============================================================
INFO: [SYN 201-201] Setting up clock 'default' with a period of 10ns.
INFO: [HLS 200-1611] Setting target device to 'xc7a200t-fbg676-2'
INFO: [HLS 200-1505] Using flow_target 'vivado'
INFO: [HLS 200-1510] Running: set_part xc7a200tfbg676-2 
INFO: [HLS 200-1510] Running: create_clock -period 10 -name default 
INFO: [HLS 200-1510] Running: source ./bit_reversal/solution1/directives.tcl
INFO: [HLS 200-1510] Running: set_directive_top -name bit_reverse_accel bit_reverse_accel 
INFO: [HLS 200-1510] Running: csynth_design 
INFO: [HLS 200-111] Finished File checks and directory preparation: CPU user time: 0.07 seconds. CPU system time: 0 seconds. Elapsed time: 0.08 seconds; current allocated memory: 233.102 MB.
INFO: [HLS 200-10] Analyzing design file 'bit_reversal/Diseno/bit_reversal_accel.cpp' ... 
INFO: [HLS 200-111] Finished Source Code Analysis and Preprocessing: CPU user time: 3.04 seconds. CPU system time: 0.39 seconds. Elapsed time: 3.43 seconds; current allocated memory: 234.156 MB.
INFO: [HLS 200-777] Using interface defaults for 'Vivado' flow target.
INFO: [HLS 200-1995] There were 264 instructions in the design after the 'Compile/Link' phase of compilation. See the Design Size Report for more details: /home/fluctlights/HlsProjects/bit_reversal/solution1/syn/report/csynth_design_size.rpt
INFO: [HLS 200-1995] There were 223 instructions in the design after the 'Unroll/Inline (step 1)' phase of compilation. See the Design Size Report for more details: /home/fluctlights/HlsProjects/bit_reversal/solution1/syn/report/csynth_design_size.rpt
INFO: [HLS 200-1995] There were 175 instructions in the design after the 'Unroll/Inline (step 2)' phase of compilation. See the Design Size Report for more details: /home/fluctlights/HlsProjects/bit_reversal/solution1/syn/report/csynth_design_size.rpt
INFO: [HLS 200-1995] There were 174 instructions in the design after the 'Unroll/Inline (step 3)' phase of compilation. See the Design Size Report for more details: /home/fluctlights/HlsProjects/bit_reversal/solution1/syn/report/csynth_design_size.rpt
INFO: [HLS 200-1995] There were 143 instructions in the design after the 'Unroll/Inline (step 4)' phase of compilation. See the Design Size Report for more details: /home/fluctlights/HlsProjects/bit_reversal/solution1/syn/report/csynth_design_size.rpt
INFO: [HLS 200-1995] There were 143 instructions in the design after the 'Array/Struct (step 1)' phase of compilation. See the Design Size Report for more details: /home/fluctlights/HlsProjects/bit_reversal/solution1/syn/report/csynth_design_size.rpt
INFO: [HLS 200-1995] There were 143 instructions in the design after the 'Array/Struct (step 2)' phase of compilation. See the Design Size Report for more details: /home/fluctlights/HlsProjects/bit_reversal/solution1/syn/report/csynth_design_size.rpt
INFO: [HLS 200-1995] There were 143 instructions in the design after the 'Array/Struct (step 3)' phase of compilation. See the Design Size Report for more details: /home/fluctlights/HlsProjects/bit_reversal/solution1/syn/report/csynth_design_size.rpt
INFO: [HLS 200-1995] There were 143 instructions in the design after the 'Array/Struct (step 4)' phase of compilation. See the Design Size Report for more details: /home/fluctlights/HlsProjects/bit_reversal/solution1/syn/report/csynth_design_size.rpt
INFO: [HLS 200-1995] There were 195 instructions in the design after the 'Array/Struct (step 5)' phase of compilation. See the Design Size Report for more details: /home/fluctlights/HlsProjects/bit_reversal/solution1/syn/report/csynth_design_size.rpt
INFO: [HLS 200-1995] There were 198 instructions in the design after the 'Performance (step 1)' phase of compilation. See the Design Size Report for more details: /home/fluctlights/HlsProjects/bit_reversal/solution1/syn/report/csynth_design_size.rpt
INFO: [HLS 200-1995] There were 184 instructions in the design after the 'Performance (step 2)' phase of compilation. See the Design Size Report for more details: /home/fluctlights/HlsProjects/bit_reversal/solution1/syn/report/csynth_design_size.rpt
INFO: [HLS 200-1995] There were 136 instructions in the design after the 'Performance (step 3)' phase of compilation. See the Design Size Report for more details: /home/fluctlights/HlsProjects/bit_reversal/solution1/syn/report/csynth_design_size.rpt
INFO: [HLS 200-1995] There were 136 instructions in the design after the 'Performance (step 4)' phase of compilation. See the Design Size Report for more details: /home/fluctlights/HlsProjects/bit_reversal/solution1/syn/report/csynth_design_size.rpt
INFO: [HLS 200-1995] There were 116 instructions in the design after the 'HW Transforms (step 1)' phase of compilation. See the Design Size Report for more details: /home/fluctlights/HlsProjects/bit_reversal/solution1/syn/report/csynth_design_size.rpt
INFO: [HLS 200-1995] There were 107 instructions in the design after the 'HW Transforms (step 2)' phase of compilation. See the Design Size Report for more details: /home/fluctlights/HlsProjects/bit_reversal/solution1/syn/report/csynth_design_size.rpt
INFO: [HLS 214-291] Loop 'VITIS_LOOP_7_1' is marked as complete unroll implied by the pipeline pragma (bit_reversal/Diseno/bit_reversal_accel.cpp:7:18)
INFO: [HLS 214-186] Unrolling loop 'VITIS_LOOP_7_1' (bit_reversal/Diseno/bit_reversal_accel.cpp:7:18) in function 'reverse_bits' completely with a factor of 32 (bit_reversal/Diseno/bit_reversal_accel.cpp:4:0)
INFO: [HLS 214-364] Automatically inlining function 'reverse_bits(ap_uint<32>)' to improve effectiveness of pipeline pragma in function 'bit_reverse_accel(hls::stream<hls::axis<ap_uint<32>, 0ul, 0ul, 0ul, (unsigned char)56, false>, 0>&, hls::stream<hls::axis<ap_uint<32>, 0ul, 0ul, 0ul, (unsigned char)56, false>, 0>&)' (bit_reversal/Diseno/bit_reversal_accel.cpp:28:32)
INFO: [HLS 200-111] Finished Compiling Optimization and Transform: CPU user time: 2.28 seconds. CPU system time: 0.31 seconds. Elapsed time: 7.23 seconds; current allocated memory: 236.770 MB.
INFO: [HLS 200-111] Finished Checking Pragmas: CPU user time: 0 seconds. CPU system time: 0 seconds. Elapsed time: 0 seconds; current allocated memory: 236.770 MB.
INFO: [HLS 200-10] Starting code transformations ...
INFO: [HLS 200-111] Finished Standard Transforms: CPU user time: 0.01 seconds. CPU system time: 0.01 seconds. Elapsed time: 0.01 seconds; current allocated memory: 236.863 MB.
INFO: [HLS 200-10] Checking synthesizability ...
INFO: [HLS 200-111] Finished Checking Synthesizability: CPU user time: 0.01 seconds. CPU system time: 0 seconds. Elapsed time: 0.01 seconds; current allocated memory: 236.965 MB.
INFO: [HLS 200-111] Finished Loop, function and other optimizations: CPU user time: 0.03 seconds. CPU system time: 0 seconds. Elapsed time: 0.04 seconds; current allocated memory: 259.109 MB.
INFO: [HLS 200-111] Finished Architecture Synthesis: CPU user time: 0.02 seconds. CPU system time: 0 seconds. Elapsed time: 0.02 seconds; current allocated memory: 259.109 MB.
INFO: [HLS 200-10] Starting hardware synthesis ...
INFO: [HLS 200-10] Synthesizing 'bit_reverse_accel' ...
INFO: [HLS 200-10] ----------------------------------------------------------------
INFO: [HLS 200-42] -- Implementing module 'bit_reverse_accel' 
INFO: [HLS 200-10] ----------------------------------------------------------------
INFO: [SCHED 204-11] Starting scheduling ...
INFO: [SCHED 204-61] Pipelining loop 'VITIS_LOOP_24_1'.
INFO: [HLS 200-1470] Pipelining result : Target II = 1, Final II = 1, Depth = 3, loop 'VITIS_LOOP_24_1'
INFO: [SCHED 204-11] Finished scheduling.
INFO: [HLS 200-111] Finished Scheduling: CPU user time: 0.03 seconds. CPU system time: 0.01 seconds. Elapsed time: 0.04 seconds; current allocated memory: 259.109 MB.
INFO: [BIND 205-100] Starting micro-architecture generation ...
INFO: [BIND 205-101] Performing variable lifetime analysis.
INFO: [BIND 205-101] Exploring resource sharing.
INFO: [BIND 205-101] Binding ...
INFO: [BIND 205-100] Finished micro-architecture generation.
INFO: [HLS 200-111] Finished Binding: CPU user time: 0.01 seconds. CPU system time: 0 seconds. Elapsed time: 0.02 seconds; current allocated memory: 259.109 MB.
INFO: [HLS 200-10] ----------------------------------------------------------------
INFO: [HLS 200-10] -- Generating RTL for module 'bit_reverse_accel' 
INFO: [HLS 200-10] ----------------------------------------------------------------
WARNING: [RTGEN 206-101] Design contains AXI ports. Reset is fixed to synchronous and active low.
INFO: [RTGEN 206-500] Setting interface mode on port 'bit_reverse_accel/s_axis_V_data_V' to 'axis' (register, both mode).
INFO: [RTGEN 206-500] Setting interface mode on port 'bit_reverse_accel/s_axis_V_keep_V' to 'axis' (register, both mode).
INFO: [RTGEN 206-500] Setting interface mode on port 'bit_reverse_accel/s_axis_V_strb_V' to 'axis' (register, both mode).
INFO: [RTGEN 206-500] Setting interface mode on port 'bit_reverse_accel/s_axis_V_last_V' to 'axis' (register, both mode).
INFO: [RTGEN 206-500] Setting interface mode on port 'bit_reverse_accel/m_axis_V_data_V' to 'axis' (register, both mode).
INFO: [RTGEN 206-500] Setting interface mode on port 'bit_reverse_accel/m_axis_V_keep_V' to 'axis' (register, both mode).
INFO: [RTGEN 206-500] Setting interface mode on port 'bit_reverse_accel/m_axis_V_strb_V' to 'axis' (register, both mode).
INFO: [RTGEN 206-500] Setting interface mode on port 'bit_reverse_accel/m_axis_V_last_V' to 'axis' (register, both mode).
INFO: [RTGEN 206-500] Setting interface mode on function 'bit_reverse_accel' to 'ap_ctrl_none'.
INFO: [HLS 200-1030] Apply Unified Pipeline Control on module 'bit_reverse_accel' pipeline 'VITIS_LOOP_24_1' pipeline type 'loop pipeline'
INFO: [RTGEN 206-100] Finished creating RTL model for 'bit_reverse_accel'.
INFO: [HLS 200-111] Finished Creating RTL model: CPU user time: 0.03 seconds. CPU system time: 0 seconds. Elapsed time: 0.03 seconds; current allocated memory: 259.109 MB.
INFO: [HLS 200-111] Finished Generating all RTL models: CPU user time: 0.15 seconds. CPU system time: 0.02 seconds. Elapsed time: 0.17 seconds; current allocated memory: 259.109 MB.
INFO: [HLS 200-111] Finished Updating report files: CPU user time: 0.19 seconds. CPU system time: 0.01 seconds. Elapsed time: 0.2 seconds; current allocated memory: 263.508 MB.
INFO: [VHDL 208-304] Generating VHDL RTL for bit_reverse_accel.
INFO: [VLOG 209-307] Generating Verilog RTL for bit_reverse_accel.
INFO: [HLS 200-790] **** Loop Constraint Status: All loop constraints were satisfied.
INFO: [HLS 200-789] **** Estimated Fmax: 250.34 MHz
INFO: [HLS 200-111] Finished Command csynth_design CPU user time: 5.87 seconds. CPU system time: 0.75 seconds. Elapsed time: 11.28 seconds; current allocated memory: 30.559 MB.
==============================================================
Vitis HLS - High-Level Synthesis from C, C++ and OpenCL v2023.2 (64-bit)
Tool Version Limit: 2023.10
Copyright 1986-2022 Xilinx, Inc. All Rights Reserved.
Copyright 2022-2023 Advanced Micro Devices, Inc. All Rights Reserved.

==============================================================
INFO: [SYN 201-201] Setting up clock 'default' with a period of 10ns.
INFO: [HLS 200-1611] Setting target device to 'xc7a200t-fbg676-2'
INFO: [HLS 200-1505] Using flow_target 'vivado'
INFO: [HLS 200-1510] Running: set_part xc7a200tfbg676-2 
INFO: [HLS 200-1510] Running: create_clock -period 10 -name default 
INFO: [SYN 201-201] Setting up clock 'default' with a period of 10ns.
INFO: [HLS 200-1510] Running: source ./bit_reversal/solution1/directives.tcl
INFO: [HLS 200-1510] Running: set_directive_top -name bit_reverse_accel bit_reverse_accel 
INFO: [HLS 200-1510] Running: csim_design -setup -quiet 
INFO: [SIM 211-2] *************** CSIM start ***************
INFO: [SIM 211-4] CSIM will launch GCC as the compiler.
INFO: [HLS 200-2036] Building debug C Simulation binaries
INFO: [HLS 200-2035] Skipping execution of C Simulation due to 'setup' option
INFO: [SIM 211-1] CSim file generation done with 0 errors.
INFO: [SIM 211-3] *************** CSIM finish ***************
INFO: [HLS 200-111] Finished Command csim_design CPU user time: 2.5 seconds. CPU system time: 0.31 seconds. Elapsed time: 2.86 seconds; current allocated memory: 0.000 MB.
==============================================================
Vitis HLS - High-Level Synthesis from C, C++ and OpenCL v2023.2 (64-bit)
Tool Version Limit: 2023.10
Copyright 1986-2022 Xilinx, Inc. All Rights Reserved.
Copyright 2022-2023 Advanced Micro Devices, Inc. All Rights Reserved.

==============================================================
INFO: [SYN 201-201] Setting up clock 'default' with a period of 10ns.
INFO: [HLS 200-1611] Setting target device to 'xc7a200t-fbg676-2'
INFO: [HLS 200-1505] Using flow_target 'vivado'
INFO: [HLS 200-1510] Running: set_part xc7a200tfbg676-2 
INFO: [HLS 200-1510] Running: create_clock -period 10 -name default 
INFO: [HLS 200-1510] Running: source ./bit_reversal/solution1/directives.tcl
INFO: [HLS 200-1510] Running: set_directive_top -name bit_reverse_accel bit_reverse_accel 
INFO: [HLS 200-1510] Running: csynth_design 
INFO: [HLS 200-111] Finished File checks and directory preparation: CPU user time: 0.07 seconds. CPU system time: 0 seconds. Elapsed time: 0.07 seconds; current allocated memory: 233.102 MB.
INFO: [HLS 200-10] Analyzing design file 'bit_reversal/Diseno/bit_reversal_accel.cpp' ... 
WARNING: [HLS 207-5566] unexpected pragma argument 'End Of Pramga Line', expects '=' (bit_reversal/Diseno/bit_reversal_accel.cpp:6:24)
INFO: [HLS 200-111] Finished Source Code Analysis and Preprocessing: CPU user time: 2.99 seconds. CPU system time: 0.38 seconds. Elapsed time: 3.38 seconds; current allocated memory: 234.176 MB.
INFO: [HLS 200-777] Using interface defaults for 'Vivado' flow target.
INFO: [HLS 200-1995] There were 264 instructions in the design after the 'Compile/Link' phase of compilation. See the Design Size Report for more details: /home/fluctlights/HlsProjects/bit_reversal/solution1/syn/report/csynth_design_size.rpt
INFO: [HLS 200-1995] There were 223 instructions in the design after the 'Unroll/Inline (step 1)' phase of compilation. See the Design Size Report for more details: /home/fluctlights/HlsProjects/bit_reversal/solution1/syn/report/csynth_design_size.rpt
INFO: [HLS 200-1995] There were 175 instructions in the design after the 'Unroll/Inline (step 2)' phase of compilation. See the Design Size Report for more details: /home/fluctlights/HlsProjects/bit_reversal/solution1/syn/report/csynth_design_size.rpt
INFO: [HLS 200-1995] There were 179 instructions in the design after the 'Unroll/Inline (step 3)' phase of compilation. See the Design Size Report for more details: /home/fluctlights/HlsProjects/bit_reversal/solution1/syn/report/csynth_design_size.rpt
INFO: [HLS 200-1995] There were 132 instructions in the design after the 'Unroll/Inline (step 4)' phase of compilation. See the Design Size Report for more details: /home/fluctlights/HlsProjects/bit_reversal/solution1/syn/report/csynth_design_size.rpt
INFO: [HLS 200-1995] There were 132 instructions in the design after the 'Array/Struct (step 1)' phase of compilation. See the Design Size Report for more details: /home/fluctlights/HlsProjects/bit_reversal/solution1/syn/report/csynth_design_size.rpt
INFO: [HLS 200-1995] There were 132 instructions in the design after the 'Array/Struct (step 2)' phase of compilation. See the Design Size Report for more details: /home/fluctlights/HlsProjects/bit_reversal/solution1/syn/report/csynth_design_size.rpt
INFO: [HLS 200-1995] There were 132 instructions in the design after the 'Array/Struct (step 3)' phase of compilation. See the Design Size Report for more details: /home/fluctlights/HlsProjects/bit_reversal/solution1/syn/report/csynth_design_size.rpt
INFO: [HLS 200-1995] There were 132 instructions in the design after the 'Array/Struct (step 4)' phase of compilation. See the Design Size Report for more details: /home/fluctlights/HlsProjects/bit_reversal/solution1/syn/report/csynth_design_size.rpt
INFO: [HLS 200-1995] There were 184 instructions in the design after the 'Array/Struct (step 5)' phase of compilation. See the Design Size Report for more details: /home/fluctlights/HlsProjects/bit_reversal/solution1/syn/report/csynth_design_size.rpt
INFO: [HLS 200-1995] There were 190 instructions in the design after the 'Performance (step 1)' phase of compilation. See the Design Size Report for more details: /home/fluctlights/HlsProjects/bit_reversal/solution1/syn/report/csynth_design_size.rpt
INFO: [HLS 200-1995] There were 184 instructions in the design after the 'Performance (step 2)' phase of compilation. See the Design Size Report for more details: /home/fluctlights/HlsProjects/bit_reversal/solution1/syn/report/csynth_design_size.rpt
INFO: [HLS 200-1995] There were 136 instructions in the design after the 'Performance (step 3)' phase of compilation. See the Design Size Report for more details: /home/fluctlights/HlsProjects/bit_reversal/solution1/syn/report/csynth_design_size.rpt
INFO: [HLS 200-1995] There were 136 instructions in the design after the 'Performance (step 4)' phase of compilation. See the Design Size Report for more details: /home/fluctlights/HlsProjects/bit_reversal/solution1/syn/report/csynth_design_size.rpt
INFO: [HLS 200-1995] There were 116 instructions in the design after the 'HW Transforms (step 1)' phase of compilation. See the Design Size Report for more details: /home/fluctlights/HlsProjects/bit_reversal/solution1/syn/report/csynth_design_size.rpt
INFO: [HLS 200-1995] There were 107 instructions in the design after the 'HW Transforms (step 2)' phase of compilation. See the Design Size Report for more details: /home/fluctlights/HlsProjects/bit_reversal/solution1/syn/report/csynth_design_size.rpt
INFO: [HLS 214-291] Loop 'VITIS_LOOP_7_1' is marked as complete unroll implied by the pipeline pragma (bit_reversal/Diseno/bit_reversal_accel.cpp:7:18)
INFO: [HLS 214-186] Unrolling loop 'VITIS_LOOP_7_1' (bit_reversal/Diseno/bit_reversal_accel.cpp:7:18) in function 'reverse_bits' completely with a factor of 32 (bit_reversal/Diseno/bit_reversal_accel.cpp:4:0)
INFO: [HLS 214-178] Inlining function 'reverse_bits(ap_uint<32>)' into 'bit_reverse_accel(hls::stream<hls::axis<ap_uint<32>, 0ul, 0ul, 0ul, (unsigned char)56, false>, 0>&, hls::stream<hls::axis<ap_uint<32>, 0ul, 0ul, 0ul, (unsigned char)56, false>, 0>&)' (bit_reversal/Diseno/bit_reversal_accel.cpp:16:0)
INFO: [HLS 200-111] Finished Compiling Optimization and Transform: CPU user time: 2.17 seconds. CPU system time: 0.28 seconds. Elapsed time: 7.11 seconds; current allocated memory: 236.789 MB.
INFO: [HLS 200-111] Finished Checking Pragmas: CPU user time: 0 seconds. CPU system time: 0 seconds. Elapsed time: 0 seconds; current allocated memory: 236.789 MB.
INFO: [HLS 200-10] Starting code transformations ...
INFO: [HLS 200-111] Finished Standard Transforms: CPU user time: 0 seconds. CPU system time: 0.01 seconds. Elapsed time: 0.01 seconds; current allocated memory: 236.879 MB.
INFO: [HLS 200-10] Checking synthesizability ...
INFO: [HLS 200-111] Finished Checking Synthesizability: CPU user time: 0.01 seconds. CPU system time: 0 seconds. Elapsed time: 0.01 seconds; current allocated memory: 236.977 MB.
INFO: [HLS 200-111] Finished Loop, function and other optimizations: CPU user time: 0.03 seconds. CPU system time: 0.01 seconds. Elapsed time: 0.04 seconds; current allocated memory: 259.102 MB.
INFO: [HLS 200-111] Finished Architecture Synthesis: CPU user time: 0.02 seconds. CPU system time: 0 seconds. Elapsed time: 0.02 seconds; current allocated memory: 259.102 MB.
INFO: [HLS 200-10] Starting hardware synthesis ...
INFO: [HLS 200-10] Synthesizing 'bit_reverse_accel' ...
INFO: [HLS 200-10] ----------------------------------------------------------------
INFO: [HLS 200-42] -- Implementing module 'bit_reverse_accel' 
INFO: [HLS 200-10] ----------------------------------------------------------------
INFO: [SCHED 204-11] Starting scheduling ...
INFO: [SCHED 204-61] Pipelining loop 'VITIS_LOOP_25_1'.
INFO: [HLS 200-1470] Pipelining result : Target II = 1, Final II = 1, Depth = 3, loop 'VITIS_LOOP_25_1'
INFO: [SCHED 204-11] Finished scheduling.
INFO: [HLS 200-111] Finished Scheduling: CPU user time: 0.03 seconds. CPU system time: 0.02 seconds. Elapsed time: 0.04 seconds; current allocated memory: 259.102 MB.
INFO: [BIND 205-100] Starting micro-architecture generation ...
INFO: [BIND 205-101] Performing variable lifetime analysis.
INFO: [BIND 205-101] Exploring resource sharing.
INFO: [BIND 205-101] Binding ...
INFO: [BIND 205-100] Finished micro-architecture generation.
INFO: [HLS 200-111] Finished Binding: CPU user time: 0.01 seconds. CPU system time: 0 seconds. Elapsed time: 0.02 seconds; current allocated memory: 259.102 MB.
INFO: [HLS 200-10] ----------------------------------------------------------------
INFO: [HLS 200-10] -- Generating RTL for module 'bit_reverse_accel' 
INFO: [HLS 200-10] ----------------------------------------------------------------
WARNING: [RTGEN 206-101] Design contains AXI ports. Reset is fixed to synchronous and active low.
INFO: [RTGEN 206-500] Setting interface mode on port 'bit_reverse_accel/s_axis_V_data_V' to 'axis' (register, both mode).
INFO: [RTGEN 206-500] Setting interface mode on port 'bit_reverse_accel/s_axis_V_keep_V' to 'axis' (register, both mode).
INFO: [RTGEN 206-500] Setting interface mode on port 'bit_reverse_accel/s_axis_V_strb_V' to 'axis' (register, both mode).
INFO: [RTGEN 206-500] Setting interface mode on port 'bit_reverse_accel/s_axis_V_last_V' to 'axis' (register, both mode).
INFO: [RTGEN 206-500] Setting interface mode on port 'bit_reverse_accel/m_axis_V_data_V' to 'axis' (register, both mode).
INFO: [RTGEN 206-500] Setting interface mode on port 'bit_reverse_accel/m_axis_V_keep_V' to 'axis' (register, both mode).
INFO: [RTGEN 206-500] Setting interface mode on port 'bit_reverse_accel/m_axis_V_strb_V' to 'axis' (register, both mode).
INFO: [RTGEN 206-500] Setting interface mode on port 'bit_reverse_accel/m_axis_V_last_V' to 'axis' (register, both mode).
INFO: [RTGEN 206-500] Setting interface mode on function 'bit_reverse_accel' to 'ap_ctrl_none'.
INFO: [HLS 200-1030] Apply Unified Pipeline Control on module 'bit_reverse_accel' pipeline 'VITIS_LOOP_25_1' pipeline type 'loop pipeline'
INFO: [RTGEN 206-100] Finished creating RTL model for 'bit_reverse_accel'.
INFO: [HLS 200-111] Finished Creating RTL model: CPU user time: 0.03 seconds. CPU system time: 0 seconds. Elapsed time: 0.03 seconds; current allocated memory: 259.102 MB.
INFO: [HLS 200-111] Finished Generating all RTL models: CPU user time: 0.14 seconds. CPU system time: 0.01 seconds. Elapsed time: 0.15 seconds; current allocated memory: 259.102 MB.
INFO: [HLS 200-111] Finished Updating report files: CPU user time: 0.18 seconds. CPU system time: 0.03 seconds. Elapsed time: 0.21 seconds; current allocated memory: 263.516 MB.
INFO: [VHDL 208-304] Generating VHDL RTL for bit_reverse_accel.
INFO: [VLOG 209-307] Generating Verilog RTL for bit_reverse_accel.
INFO: [HLS 200-790] **** Loop Constraint Status: All loop constraints were satisfied.
INFO: [HLS 200-789] **** Estimated Fmax: 250.34 MHz
INFO: [HLS 200-111] Finished Command csynth_design CPU user time: 5.69 seconds. CPU system time: 0.74 seconds. Elapsed time: 11.09 seconds; current allocated memory: 30.574 MB.
==============================================================
Vitis HLS - High-Level Synthesis from C, C++ and OpenCL v2023.2 (64-bit)
Tool Version Limit: 2023.10
Copyright 1986-2022 Xilinx, Inc. All Rights Reserved.
Copyright 2022-2023 Advanced Micro Devices, Inc. All Rights Reserved.

==============================================================
INFO: [SYN 201-201] Setting up clock 'default' with a period of 10ns.
INFO: [HLS 200-1611] Setting target device to 'xc7a200t-fbg676-2'
INFO: [HLS 200-1505] Using flow_target 'vivado'
INFO: [HLS 200-1510] Running: set_part xc7a200tfbg676-2 
INFO: [HLS 200-1510] Running: create_clock -period 10 -name default 
INFO: [HLS 200-1510] Running: source ./bit_reversal/solution1/directives.tcl
INFO: [HLS 200-1510] Running: set_directive_top -name bit_reverse_accel bit_reverse_accel 
INFO: [HLS 200-1510] Running: csim_design -quiet 
INFO: [SIM 211-2] *************** CSIM start ***************
INFO: [SIM 211-4] CSIM will launch GCC as the compiler.
INFO: [HLS 200-2036] Building debug C Simulation binaries
INFO: [SIM 211-1] CSim done with 0 errors.
INFO: [SIM 211-3] *************** CSIM finish ***************
INFO: [HLS 200-111] Finished Command csim_design CPU user time: 3.67 seconds. CPU system time: 0.4 seconds. Elapsed time: 4.08 seconds; current allocated memory: 0.000 MB.
==============================================================
Vitis HLS - High-Level Synthesis from C, C++ and OpenCL v2023.2 (64-bit)
Tool Version Limit: 2023.10
Copyright 1986-2022 Xilinx, Inc. All Rights Reserved.
Copyright 2022-2023 Advanced Micro Devices, Inc. All Rights Reserved.

==============================================================
INFO: [SYN 201-201] Setting up clock 'default' with a period of 10ns.
INFO: [HLS 200-1611] Setting target device to 'xc7a200t-fbg676-2'
INFO: [HLS 200-1505] Using flow_target 'vivado'
INFO: [HLS 200-1510] Running: set_part xc7a200tfbg676-2 
INFO: [HLS 200-1510] Running: create_clock -period 10 -name default 
INFO: [HLS 200-1510] Running: source ./bit_reversal/solution1/directives.tcl
INFO: [HLS 200-1510] Running: set_directive_top -name bit_reverse_accel bit_reverse_accel 
INFO: [HLS 200-1510] Running: csynth_design 
INFO: [HLS 200-111] Finished File checks and directory preparation: CPU user time: 0.07 seconds. CPU system time: 0.01 seconds. Elapsed time: 0.07 seconds; current allocated memory: 233.102 MB.
INFO: [HLS 200-10] Analyzing design file 'bit_reversal/Diseno/bit_reversal_accel.cpp' ... 
INFO: [HLS 200-111] Finished Source Code Analysis and Preprocessing: CPU user time: 2.98 seconds. CPU system time: 0.39 seconds. Elapsed time: 3.39 seconds; current allocated memory: 234.141 MB.
INFO: [HLS 200-777] Using interface defaults for 'Vivado' flow target.
INFO: [HLS 200-1995] There were 264 instructions in the design after the 'Compile/Link' phase of compilation. See the Design Size Report for more details: /home/fluctlights/HlsProjects/bit_reversal/solution1/syn/report/csynth_design_size.rpt
INFO: [HLS 200-1995] There were 223 instructions in the design after the 'Unroll/Inline (step 1)' phase of compilation. See the Design Size Report for more details: /home/fluctlights/HlsProjects/bit_reversal/solution1/syn/report/csynth_design_size.rpt
INFO: [HLS 200-1995] There were 175 instructions in the design after the 'Unroll/Inline (step 2)' phase of compilation. See the Design Size Report for more details: /home/fluctlights/HlsProjects/bit_reversal/solution1/syn/report/csynth_design_size.rpt
INFO: [HLS 200-1995] There were 174 instructions in the design after the 'Unroll/Inline (step 3)' phase of compilation. See the Design Size Report for more details: /home/fluctlights/HlsProjects/bit_reversal/solution1/syn/report/csynth_design_size.rpt
INFO: [HLS 200-1995] There were 143 instructions in the design after the 'Unroll/Inline (step 4)' phase of compilation. See the Design Size Report for more details: /home/fluctlights/HlsProjects/bit_reversal/solution1/syn/report/csynth_design_size.rpt
INFO: [HLS 200-1995] There were 143 instructions in the design after the 'Array/Struct (step 1)' phase of compilation. See the Design Size Report for more details: /home/fluctlights/HlsProjects/bit_reversal/solution1/syn/report/csynth_design_size.rpt
INFO: [HLS 200-1995] There were 143 instructions in the design after the 'Array/Struct (step 2)' phase of compilation. See the Design Size Report for more details: /home/fluctlights/HlsProjects/bit_reversal/solution1/syn/report/csynth_design_size.rpt
INFO: [HLS 200-1995] There were 143 instructions in the design after the 'Array/Struct (step 3)' phase of compilation. See the Design Size Report for more details: /home/fluctlights/HlsProjects/bit_reversal/solution1/syn/report/csynth_design_size.rpt
INFO: [HLS 200-1995] There were 143 instructions in the design after the 'Array/Struct (step 4)' phase of compilation. See the Design Size Report for more details: /home/fluctlights/HlsProjects/bit_reversal/solution1/syn/report/csynth_design_size.rpt
INFO: [HLS 200-1995] There were 195 instructions in the design after the 'Array/Struct (step 5)' phase of compilation. See the Design Size Report for more details: /home/fluctlights/HlsProjects/bit_reversal/solution1/syn/report/csynth_design_size.rpt
INFO: [HLS 200-1995] There were 198 instructions in the design after the 'Performance (step 1)' phase of compilation. See the Design Size Report for more details: /home/fluctlights/HlsProjects/bit_reversal/solution1/syn/report/csynth_design_size.rpt
INFO: [HLS 200-1995] There were 184 instructions in the design after the 'Performance (step 2)' phase of compilation. See the Design Size Report for more details: /home/fluctlights/HlsProjects/bit_reversal/solution1/syn/report/csynth_design_size.rpt
INFO: [HLS 200-1995] There were 136 instructions in the design after the 'Performance (step 3)' phase of compilation. See the Design Size Report for more details: /home/fluctlights/HlsProjects/bit_reversal/solution1/syn/report/csynth_design_size.rpt
INFO: [HLS 200-1995] There were 136 instructions in the design after the 'Performance (step 4)' phase of compilation. See the Design Size Report for more details: /home/fluctlights/HlsProjects/bit_reversal/solution1/syn/report/csynth_design_size.rpt
INFO: [HLS 200-1995] There were 116 instructions in the design after the 'HW Transforms (step 1)' phase of compilation. See the Design Size Report for more details: /home/fluctlights/HlsProjects/bit_reversal/solution1/syn/report/csynth_design_size.rpt
INFO: [HLS 200-1995] There were 107 instructions in the design after the 'HW Transforms (step 2)' phase of compilation. See the Design Size Report for more details: /home/fluctlights/HlsProjects/bit_reversal/solution1/syn/report/csynth_design_size.rpt
INFO: [HLS 214-291] Loop 'VITIS_LOOP_7_1' is marked as complete unroll implied by the pipeline pragma (bit_reversal/Diseno/bit_reversal_accel.cpp:7:18)
INFO: [HLS 214-186] Unrolling loop 'VITIS_LOOP_7_1' (bit_reversal/Diseno/bit_reversal_accel.cpp:7:18) in function 'reverse_bits' completely with a factor of 32 (bit_reversal/Diseno/bit_reversal_accel.cpp:4:0)
INFO: [HLS 214-364] Automatically inlining function 'reverse_bits(ap_uint<32>)' to improve effectiveness of pipeline pragma in function 'bit_reverse_accel(hls::stream<hls::axis<ap_uint<32>, 0ul, 0ul, 0ul, (unsigned char)56, false>, 0>&, hls::stream<hls::axis<ap_uint<32>, 0ul, 0ul, 0ul, (unsigned char)56, false>, 0>&)' (bit_reversal/Diseno/bit_reversal_accel.cpp:29:32)
INFO: [HLS 200-111] Finished Compiling Optimization and Transform: CPU user time: 2.17 seconds. CPU system time: 0.34 seconds. Elapsed time: 7.13 seconds; current allocated memory: 236.770 MB.
INFO: [HLS 200-111] Finished Checking Pragmas: CPU user time: 0 seconds. CPU system time: 0 seconds. Elapsed time: 0 seconds; current allocated memory: 236.770 MB.
INFO: [HLS 200-10] Starting code transformations ...
INFO: [HLS 200-111] Finished Standard Transforms: CPU user time: 0.01 seconds. CPU system time: 0 seconds. Elapsed time: 0.01 seconds; current allocated memory: 236.867 MB.
INFO: [HLS 200-10] Checking synthesizability ...
INFO: [HLS 200-111] Finished Checking Synthesizability: CPU user time: 0.01 seconds. CPU system time: 0.01 seconds. Elapsed time: 0 seconds; current allocated memory: 236.961 MB.
INFO: [HLS 200-111] Finished Loop, function and other optimizations: CPU user time: 0.03 seconds. CPU system time: 0 seconds. Elapsed time: 0.03 seconds; current allocated memory: 259.113 MB.
INFO: [HLS 200-111] Finished Architecture Synthesis: CPU user time: 0.02 seconds. CPU system time: 0 seconds. Elapsed time: 0.03 seconds; current allocated memory: 259.113 MB.
INFO: [HLS 200-10] Starting hardware synthesis ...
INFO: [HLS 200-10] Synthesizing 'bit_reverse_accel' ...
INFO: [HLS 200-10] ----------------------------------------------------------------
INFO: [HLS 200-42] -- Implementing module 'bit_reverse_accel' 
INFO: [HLS 200-10] ----------------------------------------------------------------
INFO: [SCHED 204-11] Starting scheduling ...
INFO: [SCHED 204-61] Pipelining loop 'VITIS_LOOP_25_1'.
INFO: [HLS 200-1470] Pipelining result : Target II = 1, Final II = 1, Depth = 3, loop 'VITIS_LOOP_25_1'
INFO: [SCHED 204-11] Finished scheduling.
INFO: [HLS 200-111] Finished Scheduling: CPU user time: 0.03 seconds. CPU system time: 0.01 seconds. Elapsed time: 0.04 seconds; current allocated memory: 259.113 MB.
INFO: [BIND 205-100] Starting micro-architecture generation ...
INFO: [BIND 205-101] Performing variable lifetime analysis.
INFO: [BIND 205-101] Exploring resource sharing.
INFO: [BIND 205-101] Binding ...
INFO: [BIND 205-100] Finished micro-architecture generation.
INFO: [HLS 200-111] Finished Binding: CPU user time: 0.01 seconds. CPU system time: 0 seconds. Elapsed time: 0.01 seconds; current allocated memory: 259.113 MB.
INFO: [HLS 200-10] ----------------------------------------------------------------
INFO: [HLS 200-10] -- Generating RTL for module 'bit_reverse_accel' 
INFO: [HLS 200-10] ----------------------------------------------------------------
WARNING: [RTGEN 206-101] Design contains AXI ports. Reset is fixed to synchronous and active low.
INFO: [RTGEN 206-500] Setting interface mode on port 'bit_reverse_accel/s_axis_V_data_V' to 'axis' (register, both mode).
INFO: [RTGEN 206-500] Setting interface mode on port 'bit_reverse_accel/s_axis_V_keep_V' to 'axis' (register, both mode).
INFO: [RTGEN 206-500] Setting interface mode on port 'bit_reverse_accel/s_axis_V_strb_V' to 'axis' (register, both mode).
INFO: [RTGEN 206-500] Setting interface mode on port 'bit_reverse_accel/s_axis_V_last_V' to 'axis' (register, both mode).
INFO: [RTGEN 206-500] Setting interface mode on port 'bit_reverse_accel/m_axis_V_data_V' to 'axis' (register, both mode).
INFO: [RTGEN 206-500] Setting interface mode on port 'bit_reverse_accel/m_axis_V_keep_V' to 'axis' (register, both mode).
INFO: [RTGEN 206-500] Setting interface mode on port 'bit_reverse_accel/m_axis_V_strb_V' to 'axis' (register, both mode).
INFO: [RTGEN 206-500] Setting interface mode on port 'bit_reverse_accel/m_axis_V_last_V' to 'axis' (register, both mode).
INFO: [RTGEN 206-500] Setting interface mode on function 'bit_reverse_accel' to 'ap_ctrl_none'.
INFO: [HLS 200-1030] Apply Unified Pipeline Control on module 'bit_reverse_accel' pipeline 'VITIS_LOOP_25_1' pipeline type 'loop pipeline'
INFO: [RTGEN 206-100] Finished creating RTL model for 'bit_reverse_accel'.
INFO: [HLS 200-111] Finished Creating RTL model: CPU user time: 0.03 seconds. CPU system time: 0 seconds. Elapsed time: 0.03 seconds; current allocated memory: 259.113 MB.
INFO: [HLS 200-111] Finished Generating all RTL models: CPU user time: 0.15 seconds. CPU system time: 0.01 seconds. Elapsed time: 0.16 seconds; current allocated memory: 259.113 MB.
INFO: [HLS 200-111] Finished Updating report files: CPU user time: 0.18 seconds. CPU system time: 0.01 seconds. Elapsed time: 0.19 seconds; current allocated memory: 263.516 MB.
INFO: [VHDL 208-304] Generating VHDL RTL for bit_reverse_accel.
INFO: [VLOG 209-307] Generating Verilog RTL for bit_reverse_accel.
INFO: [HLS 200-790] **** Loop Constraint Status: All loop constraints were satisfied.
INFO: [HLS 200-789] **** Estimated Fmax: 250.34 MHz
INFO: [HLS 200-111] Finished Command csynth_design CPU user time: 5.69 seconds. CPU system time: 0.78 seconds. Elapsed time: 11.12 seconds; current allocated memory: 30.566 MB.
==============================================================
Vitis HLS - High-Level Synthesis from C, C++ and OpenCL v2023.2 (64-bit)
Tool Version Limit: 2023.10
Copyright 1986-2022 Xilinx, Inc. All Rights Reserved.
Copyright 2022-2023 Advanced Micro Devices, Inc. All Rights Reserved.

==============================================================
INFO: [SYN 201-201] Setting up clock 'default' with a period of 10ns.
INFO: [HLS 200-1611] Setting target device to 'xc7a200t-fbg676-2'
INFO: [HLS 200-1505] Using flow_target 'vivado'
INFO: [HLS 200-1464] Running solution command: config_cosim -tool=xsim
INFO: [HLS 200-1510] Running: set_part xc7a200tfbg676-2 
INFO: [HLS 200-1510] Running: create_clock -period 10 -name default 
INFO: [SYN 201-201] Setting up clock 'default' with a period of 10ns.
INFO: [HLS 200-1510] Running: config_cosim -tool xsim 
INFO: [HLS 200-1510] Running: source ./bit_reversal/solution1/directives.tcl
INFO: [HLS 200-1510] Running: set_directive_top -name bit_reverse_accel bit_reverse_accel 
INFO: [HLS 200-1510] Running: cosim_design 
WARNING: [HLS 200-626] This design is unable to schedule all read ports in the first II cycle. The RTL testbench may treat the design as non-pipelined
INFO: [COSIM 212-47] Using XSIM for RTL simulation.
INFO: [COSIM 212-14] Instrumenting C test bench ...
INFO: [COSIM 212-302] Starting C TB testing ... 
INFO: [COSIM 212-333] Generating C post check test bench ...
INFO: [COSIM 212-12] Generating RTL test bench ...
INFO: [COSIM 212-1] *** C/RTL co-simulation file generation completed. ***
INFO: [COSIM 212-323] Starting verilog simulation. 
INFO: [COSIM 212-15] Starting XSIM ...
INFO: [COSIM 212-316] Starting C post checking ...
INFO: [COSIM 212-1000] *** C/RTL co-simulation finished: PASS ***
INFO: [HLS 200-111] Finished Command cosim_design CPU user time: 22.41 seconds. CPU system time: 2.02 seconds. Elapsed time: 24.89 seconds; current allocated memory: 12.684 MB.
==============================================================
Vitis HLS - High-Level Synthesis from C, C++ and OpenCL v2023.2 (64-bit)
Tool Version Limit: 2023.10
Copyright 1986-2022 Xilinx, Inc. All Rights Reserved.
Copyright 2022-2023 Advanced Micro Devices, Inc. All Rights Reserved.

==============================================================
INFO: [SYN 201-201] Setting up clock 'default' with a period of 10ns.
INFO: [HLS 200-1611] Setting target device to 'xc7a200t-fbg676-2'
INFO: [HLS 200-1505] Using flow_target 'vivado'
INFO: [HLS 200-1464] Running solution command: config_cosim -tool=xsim
INFO: [HLS 200-1464] Running solution command: config_export -output=/home/fluctlights/HlsProjects/bit_reversal/RTL_export
INFO: [HLS 200-1510] Running: set_part xc7a200tfbg676-2 
INFO: [HLS 200-1510] Running: create_clock -period 10 -name default 
INFO: [SYN 201-201] Setting up clock 'default' with a period of 10ns.
INFO: [HLS 200-1510] Running: config_cosim -tool xsim 
INFO: [HLS 200-1510] Running: config_export -output /home/fluctlights/HlsProjects/bit_reversal/RTL_export 
INFO: [HLS 200-1510] Running: source ./bit_reversal/solution1/directives.tcl
INFO: [HLS 200-1510] Running: set_directive_top -name bit_reverse_accel bit_reverse_accel 
INFO: [HLS 200-1510] Running: export_design -rtl verilog -format ip_catalog -output /home/fluctlights/HlsProjects/bit_reversal/RTL_export 
INFO: [IMPL 213-8] Exporting RTL as a Vivado IP.
INFO: [HLS 200-802] Generated output file bit_reversal/RTL_export/export.zip
INFO: [HLS 200-111] Finished Command export_design CPU user time: 12.35 seconds. CPU system time: 0.52 seconds. Elapsed time: 14.99 seconds; current allocated memory: 7.289 MB.
==============================================================
Vitis HLS - High-Level Synthesis from C, C++ and OpenCL v2023.2 (64-bit)
Tool Version Limit: 2023.10
Copyright 1986-2022 Xilinx, Inc. All Rights Reserved.
Copyright 2022-2023 Advanced Micro Devices, Inc. All Rights Reserved.

==============================================================
INFO: [SYN 201-201] Setting up clock 'default' with a period of 10ns.
INFO: [HLS 200-1611] Setting target device to 'xc7a200t-fbg676-2'
INFO: [HLS 200-1505] Using flow_target 'vivado'
INFO: [HLS 200-1464] Running solution command: config_cosim -tool=xsim
INFO: [HLS 200-1464] Running solution command: config_export -format=ip_catalog
INFO: [HLS 200-1464] Running solution command: config_export -output=/home/fluctlights/HlsProjects/bit_reversal/RTL_export
INFO: [HLS 200-1464] Running solution command: config_export -rtl=verilog
INFO: [HLS 200-1464] Running solution command: config_export -vivado_clock=10
INFO: [HLS 200-1510] Running: set_part xc7a200tfbg676-2 
INFO: [HLS 200-1510] Running: create_clock -period 10 -name default 
INFO: [SYN 201-201] Setting up clock 'default' with a period of 10ns.
INFO: [HLS 200-1510] Running: config_cosim -tool xsim 
INFO: [HLS 200-1510] Running: config_export -format ip_catalog -output /home/fluctlights/HlsProjects/bit_reversal/RTL_export -rtl verilog -vivado_clock 10 
INFO: [HLS 200-1510] Running: source ./bit_reversal/solution1/directives.tcl
INFO: [HLS 200-1510] Running: set_directive_top -name bit_reverse_accel bit_reverse_accel 
INFO: [HLS 200-1510] Running: export_design -flow syn -rtl verilog -format ip_catalog -output /home/fluctlights/HlsProjects/bit_reversal/RTL_export 
INFO: [IMPL 213-8] Exporting RTL as a Vivado IP.
INFO: [IMPL 213-8] Starting RTL evaluation using Vivado ...
INFO: [HLS 200-802] Generated output file bit_reversal/RTL_export/export.zip
INFO: [HLS 200-111] Finished Command export_design CPU user time: 143 seconds. CPU system time: 6.45 seconds. Elapsed time: 147.54 seconds; current allocated memory: 7.027 MB.
==============================================================
Vitis HLS - High-Level Synthesis from C, C++ and OpenCL v2023.2 (64-bit)
Tool Version Limit: 2023.10
Copyright 1986-2022 Xilinx, Inc. All Rights Reserved.
Copyright 2022-2023 Advanced Micro Devices, Inc. All Rights Reserved.

==============================================================
INFO: [SYN 201-201] Setting up clock 'default' with a period of 10ns.
INFO: [HLS 200-1611] Setting target device to 'xc7a200t-fbg676-2'
INFO: [HLS 200-1505] Using flow_target 'vivado'
INFO: [HLS 200-1464] Running solution command: config_cosim -tool=xsim
INFO: [HLS 200-1464] Running solution command: config_export -format=ip_catalog
INFO: [HLS 200-1464] Running solution command: config_export -output=/home/fluctlights/HlsProjects/bit_reversal/RTL_export
INFO: [HLS 200-1464] Running solution command: config_export -rtl=verilog
INFO: [HLS 200-1464] Running solution command: config_export -vivado_clock=10
INFO: [HLS 200-1464] Running solution command: config_export -flow=syn
INFO: [HLS 200-1510] Running: set_part xc7a200t-fbg676-2 
INFO: [HLS 200-1510] Running: create_clock -period 10 -name default 
INFO: [HLS 200-1510] Running: config_cosim -tool xsim 
INFO: [HLS 200-1510] Running: config_export -flow syn -format ip_catalog -output /home/fluctlights/HlsProjects/bit_reversal/RTL_export -rtl verilog -vivado_clock 10 
INFO: [HLS 200-1510] Running: source ./bit_reversal/solution1/directives.tcl
INFO: [HLS 200-1510] Running: set_directive_top -name bit_reverse_accel bit_reverse_accel 
INFO: [HLS 200-1510] Running: csim_design -quiet 
INFO: [SIM 211-2] *************** CSIM start ***************
INFO: [SIM 211-4] CSIM will launch GCC as the compiler.
INFO: [HLS 200-2036] Building debug C Simulation binaries
INFO: [SIM 211-1] CSim done with 0 errors.
INFO: [SIM 211-3] *************** CSIM finish ***************
INFO: [HLS 200-111] Finished Command csim_design CPU user time: 5.78 seconds. CPU system time: 0.56 seconds. Elapsed time: 6.39 seconds; current allocated memory: 0.000 MB.
==============================================================
Vitis HLS - High-Level Synthesis from C, C++ and OpenCL v2023.2 (64-bit)
Tool Version Limit: 2023.10
Copyright 1986-2022 Xilinx, Inc. All Rights Reserved.
Copyright 2022-2023 Advanced Micro Devices, Inc. All Rights Reserved.

==============================================================
INFO: [SYN 201-201] Setting up clock 'default' with a period of 10ns.
INFO: [HLS 200-1611] Setting target device to 'xc7a200t-fbg676-2'
INFO: [HLS 200-1505] Using flow_target 'vivado'
INFO: [HLS 200-1464] Running solution command: config_cosim -tool=xsim
INFO: [HLS 200-1464] Running solution command: config_export -format=ip_catalog
INFO: [HLS 200-1464] Running solution command: config_export -output=/home/fluctlights/HlsProjects/bit_reversal/RTL_export
INFO: [HLS 200-1464] Running solution command: config_export -rtl=verilog
INFO: [HLS 200-1464] Running solution command: config_export -vivado_clock=10
INFO: [HLS 200-1464] Running solution command: config_export -flow=syn
INFO: [HLS 200-1510] Running: set_part xc7a200t-fbg676-2 
INFO: [HLS 200-1510] Running: create_clock -period 10 -name default 
INFO: [HLS 200-1510] Running: config_cosim -tool xsim 
INFO: [HLS 200-1510] Running: config_export -flow syn -format ip_catalog -output /home/fluctlights/HlsProjects/bit_reversal/RTL_export -rtl verilog -vivado_clock 10 
INFO: [HLS 200-1510] Running: source ./bit_reversal/solution1/directives.tcl
INFO: [HLS 200-1510] Running: set_directive_top -name bit_reverse_accel bit_reverse_accel 
INFO: [HLS 200-1510] Running: csynth_design 
INFO: [HLS 200-111] Finished File checks and directory preparation: CPU user time: 0.11 seconds. CPU system time: 0.01 seconds. Elapsed time: 0.12 seconds; current allocated memory: 233.562 MB.
INFO: [HLS 200-10] Analyzing design file 'bit_reversal/Diseno/bit_reversal_accel.cpp' ... 
INFO: [HLS 200-111] Finished Source Code Analysis and Preprocessing: CPU user time: 3.98 seconds. CPU system time: 0.53 seconds. Elapsed time: 4.77 seconds; current allocated memory: 234.758 MB.
INFO: [HLS 200-777] Using interface defaults for 'Vivado' flow target.
INFO: [HLS 200-1995] There were 255 instructions in the design after the 'Compile/Link' phase of compilation. See the Design Size Report for more details: /home/fluctlights/HlsProjects/bit_reversal/solution1/syn/report/csynth_design_size.rpt
INFO: [HLS 200-1995] There were 206 instructions in the design after the 'Unroll/Inline (step 1)' phase of compilation. See the Design Size Report for more details: /home/fluctlights/HlsProjects/bit_reversal/solution1/syn/report/csynth_design_size.rpt
INFO: [HLS 200-1995] There were 160 instructions in the design after the 'Unroll/Inline (step 2)' phase of compilation. See the Design Size Report for more details: /home/fluctlights/HlsProjects/bit_reversal/solution1/syn/report/csynth_design_size.rpt
INFO: [HLS 200-1995] There were 159 instructions in the design after the 'Unroll/Inline (step 3)' phase of compilation. See the Design Size Report for more details: /home/fluctlights/HlsProjects/bit_reversal/solution1/syn/report/csynth_design_size.rpt
INFO: [HLS 200-1995] There were 128 instructions in the design after the 'Unroll/Inline (step 4)' phase of compilation. See the Design Size Report for more details: /home/fluctlights/HlsProjects/bit_reversal/solution1/syn/report/csynth_design_size.rpt
INFO: [HLS 200-1995] There were 128 instructions in the design after the 'Array/Struct (step 1)' phase of compilation. See the Design Size Report for more details: /home/fluctlights/HlsProjects/bit_reversal/solution1/syn/report/csynth_design_size.rpt
INFO: [HLS 200-1995] There were 128 instructions in the design after the 'Array/Struct (step 2)' phase of compilation. See the Design Size Report for more details: /home/fluctlights/HlsProjects/bit_reversal/solution1/syn/report/csynth_design_size.rpt
INFO: [HLS 200-1995] There were 128 instructions in the design after the 'Array/Struct (step 3)' phase of compilation. See the Design Size Report for more details: /home/fluctlights/HlsProjects/bit_reversal/solution1/syn/report/csynth_design_size.rpt
INFO: [HLS 200-1995] There were 128 instructions in the design after the 'Array/Struct (step 4)' phase of compilation. See the Design Size Report for more details: /home/fluctlights/HlsProjects/bit_reversal/solution1/syn/report/csynth_design_size.rpt
INFO: [HLS 200-1995] There were 149 instructions in the design after the 'Array/Struct (step 5)' phase of compilation. See the Design Size Report for more details: /home/fluctlights/HlsProjects/bit_reversal/solution1/syn/report/csynth_design_size.rpt
INFO: [HLS 200-1995] There were 145 instructions in the design after the 'Performance (step 1)' phase of compilation. See the Design Size Report for more details: /home/fluctlights/HlsProjects/bit_reversal/solution1/syn/report/csynth_design_size.rpt
INFO: [HLS 200-1995] There were 143 instructions in the design after the 'Performance (step 2)' phase of compilation. See the Design Size Report for more details: /home/fluctlights/HlsProjects/bit_reversal/solution1/syn/report/csynth_design_size.rpt
INFO: [HLS 200-1995] There were 121 instructions in the design after the 'Performance (step 3)' phase of compilation. See the Design Size Report for more details: /home/fluctlights/HlsProjects/bit_reversal/solution1/syn/report/csynth_design_size.rpt
INFO: [HLS 200-1995] There were 121 instructions in the design after the 'Performance (step 4)' phase of compilation. See the Design Size Report for more details: /home/fluctlights/HlsProjects/bit_reversal/solution1/syn/report/csynth_design_size.rpt
INFO: [HLS 200-1995] There were 113 instructions in the design after the 'HW Transforms (step 1)' phase of compilation. See the Design Size Report for more details: /home/fluctlights/HlsProjects/bit_reversal/solution1/syn/report/csynth_design_size.rpt
INFO: [HLS 200-1995] There were 110 instructions in the design after the 'HW Transforms (step 2)' phase of compilation. See the Design Size Report for more details: /home/fluctlights/HlsProjects/bit_reversal/solution1/syn/report/csynth_design_size.rpt
INFO: [HLS 214-291] Loop 'VITIS_LOOP_7_1' is marked as complete unroll implied by the pipeline pragma (bit_reversal/Diseno/bit_reversal_accel.cpp:7:18)
INFO: [HLS 214-186] Unrolling loop 'VITIS_LOOP_7_1' (bit_reversal/Diseno/bit_reversal_accel.cpp:7:18) in function 'reverse_bits' completely with a factor of 32 (bit_reversal/Diseno/bit_reversal_accel.cpp:4:0)
INFO: [HLS 214-376] automatically set the pipeline for Loop< VITIS_LOOP_25_1> at bit_reversal/Diseno/bit_reversal_accel.cpp:25:22 
INFO: [HLS 200-111] Finished Compiling Optimization and Transform: CPU user time: 2.82 seconds. CPU system time: 0.4 seconds. Elapsed time: 7.93 seconds; current allocated memory: 237.434 MB.
INFO: [HLS 200-111] Finished Checking Pragmas: CPU user time: 0 seconds. CPU system time: 0 seconds. Elapsed time: 0 seconds; current allocated memory: 237.434 MB.
INFO: [HLS 200-10] Starting code transformations ...
INFO: [HLS 200-111] Finished Standard Transforms: CPU user time: 0.01 seconds. CPU system time: 0.01 seconds. Elapsed time: 0.04 seconds; current allocated memory: 237.500 MB.
INFO: [HLS 200-10] Checking synthesizability ...
INFO: [HLS 200-111] Finished Checking Synthesizability: CPU user time: 0.01 seconds. CPU system time: 0 seconds. Elapsed time: 0.02 seconds; current allocated memory: 237.566 MB.
INFO: [HLS 200-111] Finished Loop, function and other optimizations: CPU user time: 0.04 seconds. CPU system time: 0 seconds. Elapsed time: 0.04 seconds; current allocated memory: 259.727 MB.
INFO: [HLS 200-111] Finished Architecture Synthesis: CPU user time: 0.03 seconds. CPU system time: 0 seconds. Elapsed time: 0.03 seconds; current allocated memory: 260.078 MB.
INFO: [HLS 200-10] Starting hardware synthesis ...
INFO: [HLS 200-10] Synthesizing 'bit_reverse_accel' ...
INFO: [HLS 200-10] ----------------------------------------------------------------
INFO: [HLS 200-42] -- Implementing module 'reverse_bits' 
INFO: [HLS 200-10] ----------------------------------------------------------------
INFO: [SCHED 204-11] Starting scheduling ...
INFO: [SCHED 204-61] Pipelining function 'reverse_bits'.
INFO: [HLS 200-1470] Pipelining result : Target II = NA, Final II = 1, Depth = 1, function 'reverse_bits'
INFO: [SCHED 204-11] Finished scheduling.
INFO: [HLS 200-111] Finished Scheduling: CPU user time: 0.02 seconds. CPU system time: 0.02 seconds. Elapsed time: 0.04 seconds; current allocated memory: 260.348 MB.
INFO: [BIND 205-100] Starting micro-architecture generation ...
INFO: [BIND 205-101] Performing variable lifetime analysis.
INFO: [BIND 205-101] Exploring resource sharing.
INFO: [BIND 205-101] Binding ...
INFO: [BIND 205-100] Finished micro-architecture generation.
INFO: [HLS 200-111] Finished Binding: CPU user time: 0.01 seconds. CPU system time: 0 seconds. Elapsed time: 0.01 seconds; current allocated memory: 260.500 MB.
INFO: [HLS 200-10] ----------------------------------------------------------------
INFO: [HLS 200-42] -- Implementing module 'bit_reverse_accel' 
INFO: [HLS 200-10] ----------------------------------------------------------------
INFO: [SCHED 204-11] Starting scheduling ...
INFO: [SCHED 204-61] Pipelining loop 'VITIS_LOOP_25_1'.
INFO: [HLS 200-1470] Pipelining result : Target II = NA, Final II = 1, Depth = 3, loop 'VITIS_LOOP_25_1'
INFO: [SCHED 204-11] Finished scheduling.
INFO: [HLS 200-111] Finished Scheduling: CPU user time: 0.03 seconds. CPU system time: 0 seconds. Elapsed time: 0.03 seconds; current allocated memory: 261.711 MB.
INFO: [BIND 205-100] Starting micro-architecture generation ...
INFO: [BIND 205-101] Performing variable lifetime analysis.
INFO: [BIND 205-101] Exploring resource sharing.
INFO: [BIND 205-101] Binding ...
INFO: [BIND 205-100] Finished micro-architecture generation.
INFO: [HLS 200-111] Finished Binding: CPU user time: 0.01 seconds. CPU system time: 0.01 seconds. Elapsed time: 0.02 seconds; current allocated memory: 261.711 MB.
INFO: [HLS 200-10] ----------------------------------------------------------------
INFO: [HLS 200-10] -- Generating RTL for module 'reverse_bits' 
INFO: [HLS 200-10] ----------------------------------------------------------------
INFO: [RTGEN 206-100] Finished creating RTL model for 'reverse_bits'.
INFO: [HLS 200-111] Finished Creating RTL model: CPU user time: 0.02 seconds. CPU system time: 0 seconds. Elapsed time: 0.01 seconds; current allocated memory: 261.711 MB.
INFO: [HLS 200-10] ----------------------------------------------------------------
INFO: [HLS 200-10] -- Generating RTL for module 'bit_reverse_accel' 
INFO: [HLS 200-10] ----------------------------------------------------------------
WARNING: [RTGEN 206-101] Design contains AXI ports. Reset is fixed to synchronous and active low.
INFO: [RTGEN 206-500] Setting interface mode on port 'bit_reverse_accel/s_axis_V_data_V' to 'axis' (register, both mode).
INFO: [RTGEN 206-500] Setting interface mode on port 'bit_reverse_accel/s_axis_V_keep_V' to 'axis' (register, both mode).
INFO: [RTGEN 206-500] Setting interface mode on port 'bit_reverse_accel/s_axis_V_strb_V' to 'axis' (register, both mode).
INFO: [RTGEN 206-500] Setting interface mode on port 'bit_reverse_accel/s_axis_V_last_V' to 'axis' (register, both mode).
INFO: [RTGEN 206-500] Setting interface mode on port 'bit_reverse_accel/m_axis_V_data_V' to 'axis' (register, both mode).
INFO: [RTGEN 206-500] Setting interface mode on port 'bit_reverse_accel/m_axis_V_keep_V' to 'axis' (register, both mode).
INFO: [RTGEN 206-500] Setting interface mode on port 'bit_reverse_accel/m_axis_V_strb_V' to 'axis' (register, both mode).
INFO: [RTGEN 206-500] Setting interface mode on port 'bit_reverse_accel/m_axis_V_last_V' to 'axis' (register, both mode).
INFO: [RTGEN 206-500] Setting interface mode on function 'bit_reverse_accel' to 'ap_ctrl_hs'.
INFO: [HLS 200-1030] Apply Unified Pipeline Control on module 'bit_reverse_accel' pipeline 'VITIS_LOOP_25_1' pipeline type 'loop pipeline'
INFO: [RTGEN 206-100] Finished creating RTL model for 'bit_reverse_accel'.
INFO: [HLS 200-111] Finished Creating RTL model: CPU user time: 0.05 seconds. CPU system time: 0 seconds. Elapsed time: 0.05 seconds; current allocated memory: 262.262 MB.
INFO: [HLS 200-111] Finished Generating all RTL models: CPU user time: 0.21 seconds. CPU system time: 0.03 seconds. Elapsed time: 0.24 seconds; current allocated memory: 266.035 MB.
INFO: [HLS 200-111] Finished Updating report files: CPU user time: 0.27 seconds. CPU system time: 0.01 seconds. Elapsed time: 0.28 seconds; current allocated memory: 275.262 MB.
INFO: [VHDL 208-304] Generating VHDL RTL for bit_reverse_accel.
INFO: [VLOG 209-307] Generating Verilog RTL for bit_reverse_accel.
INFO: [HLS 200-790] **** Loop Constraint Status: All loop constraints were satisfied.
INFO: [HLS 200-789] **** Estimated Fmax: 250.34 MHz
INFO: [HLS 200-111] Finished Command csynth_design CPU user time: 7.62 seconds. CPU system time: 1.02 seconds. Elapsed time: 13.65 seconds; current allocated memory: 41.895 MB.
==============================================================
Vitis HLS - High-Level Synthesis from C, C++ and OpenCL v2023.2 (64-bit)
Tool Version Limit: 2023.10
Copyright 1986-2022 Xilinx, Inc. All Rights Reserved.
Copyright 2022-2023 Advanced Micro Devices, Inc. All Rights Reserved.

==============================================================
INFO: [SYN 201-201] Setting up clock 'default' with a period of 10ns.
INFO: [HLS 200-1611] Setting target device to 'xc7a200t-fbg676-2'
INFO: [HLS 200-1505] Using flow_target 'vivado'
INFO: [HLS 200-1464] Running solution command: config_cosim -tool=xsim
INFO: [HLS 200-1464] Running solution command: config_export -flow=syn
INFO: [HLS 200-1464] Running solution command: config_export -format=ip_catalog
INFO: [HLS 200-1464] Running solution command: config_export -output=/home/fluctlights/HlsProjects/bit_reversal/RTL_export
INFO: [HLS 200-1464] Running solution command: config_export -rtl=verilog
INFO: [HLS 200-1464] Running solution command: config_export -vivado_clock=10
INFO: [HLS 200-1510] Running: set_part xc7a200t-fbg676-2 
INFO: [HLS 200-1510] Running: create_clock -period 10 -name default 
INFO: [HLS 200-1510] Running: config_cosim -tool xsim 
INFO: [HLS 200-1510] Running: config_export -flow syn -format ip_catalog -output /home/fluctlights/HlsProjects/bit_reversal/RTL_export -rtl verilog -vivado_clock 10 
INFO: [HLS 200-1510] Running: source ./bit_reversal/solution1/directives.tcl
INFO: [HLS 200-1510] Running: set_directive_top -name bit_reverse_accel bit_reverse_accel 
INFO: [HLS 200-1510] Running: cosim_design 
WARNING: [HLS 200-626] This design is unable to schedule all read ports in the first II cycle. The RTL testbench may treat the design as non-pipelined
INFO: [COSIM 212-47] Using XSIM for RTL simulation.
INFO: [COSIM 212-14] Instrumenting C test bench ...
INFO: [COSIM 212-302] Starting C TB testing ... 
INFO: [COSIM 212-333] Generating C post check test bench ...
INFO: [COSIM 212-12] Generating RTL test bench ...
INFO: [COSIM 212-1] *** C/RTL co-simulation file generation completed. ***
INFO: [COSIM 212-323] Starting verilog simulation. 
INFO: [COSIM 212-15] Starting XSIM ...
ERROR: [COSIM 212-4] *** C/RTL co-simulation finished: FAIL ***
INFO: [COSIM 212-211] II is measurable only when transaction number is greater than 1 in RTL simulation. Otherwise, they will be marked as all NA. If user wants to calculate them, please make sure there are at least 2 transactions in RTL simulation.
INFO: [HLS 200-111] Finished Command cosim_design CPU user time: 18.64 seconds. CPU system time: 1.57 seconds. Elapsed time: 20.4 seconds; current allocated memory: 13.262 MB.
==============================================================
Vitis HLS - High-Level Synthesis from C, C++ and OpenCL v2023.2 (64-bit)
Tool Version Limit: 2023.10
Copyright 1986-2022 Xilinx, Inc. All Rights Reserved.
Copyright 2022-2023 Advanced Micro Devices, Inc. All Rights Reserved.

==============================================================
INFO: [SYN 201-201] Setting up clock 'default' with a period of 10ns.
INFO: [HLS 200-1611] Setting target device to 'xc7a200t-fbg676-2'
INFO: [HLS 200-1505] Using flow_target 'vivado'
INFO: [HLS 200-1464] Running solution command: config_cosim -tool=xsim
INFO: [HLS 200-1464] Running solution command: config_export -flow=syn
INFO: [HLS 200-1464] Running solution command: config_export -format=ip_catalog
INFO: [HLS 200-1464] Running solution command: config_export -output=/home/fluctlights/HlsProjects/bit_reversal/RTL_export
INFO: [HLS 200-1464] Running solution command: config_export -rtl=verilog
INFO: [HLS 200-1464] Running solution command: config_export -vivado_clock=10
INFO: [HLS 200-1510] Running: set_part xc7a200t-fbg676-2 
INFO: [HLS 200-1510] Running: create_clock -period 10 -name default 
INFO: [HLS 200-1510] Running: config_cosim -tool xsim 
INFO: [HLS 200-1510] Running: config_export -flow syn -format ip_catalog -output /home/fluctlights/HlsProjects/bit_reversal/RTL_export -rtl verilog -vivado_clock 10 
INFO: [HLS 200-1510] Running: source ./bit_reversal/solution1/directives.tcl
INFO: [HLS 200-1510] Running: set_directive_top -name bit_reverse_accel bit_reverse_accel 
INFO: [HLS 200-1510] Running: csim_design -quiet 
INFO: [SIM 211-2] *************** CSIM start ***************
INFO: [SIM 211-4] CSIM will launch GCC as the compiler.
INFO: [HLS 200-2036] Building debug C Simulation binaries
INFO: [SIM 211-1] CSim done with 0 errors.
INFO: [SIM 211-3] *************** CSIM finish ***************
INFO: [HLS 200-111] Finished Command csim_design CPU user time: 1.89 seconds. CPU system time: 0.22 seconds. Elapsed time: 2.11 seconds; current allocated memory: 0.000 MB.
==============================================================
Vitis HLS - High-Level Synthesis from C, C++ and OpenCL v2023.2 (64-bit)
Tool Version Limit: 2023.10
Copyright 1986-2022 Xilinx, Inc. All Rights Reserved.
Copyright 2022-2023 Advanced Micro Devices, Inc. All Rights Reserved.

==============================================================
INFO: [SYN 201-201] Setting up clock 'default' with a period of 10ns.
INFO: [HLS 200-1611] Setting target device to 'xc7a200t-fbg676-2'
INFO: [HLS 200-1505] Using flow_target 'vivado'
INFO: [HLS 200-1464] Running solution command: config_cosim -tool=xsim
INFO: [HLS 200-1464] Running solution command: config_export -flow=syn
INFO: [HLS 200-1464] Running solution command: config_export -format=ip_catalog
INFO: [HLS 200-1464] Running solution command: config_export -output=/home/fluctlights/HlsProjects/bit_reversal/RTL_export
INFO: [HLS 200-1464] Running solution command: config_export -rtl=verilog
INFO: [HLS 200-1464] Running solution command: config_export -vivado_clock=10
INFO: [HLS 200-1510] Running: set_part xc7a200t-fbg676-2 
INFO: [HLS 200-1510] Running: create_clock -period 10 -name default 
INFO: [HLS 200-1510] Running: config_cosim -tool xsim 
INFO: [HLS 200-1510] Running: config_export -flow syn -format ip_catalog -output /home/fluctlights/HlsProjects/bit_reversal/RTL_export -rtl verilog -vivado_clock 10 
INFO: [HLS 200-1510] Running: source ./bit_reversal/solution1/directives.tcl
INFO: [HLS 200-1510] Running: set_directive_top -name bit_reverse_accel bit_reverse_accel 
INFO: [HLS 200-1510] Running: csynth_design 
INFO: [HLS 200-111] Finished File checks and directory preparation: CPU user time: 0.08 seconds. CPU system time: 0.01 seconds. Elapsed time: 0.09 seconds; current allocated memory: 269.238 MB.
INFO: [HLS 200-10] Analyzing design file 'bit_reversal/Diseno/bit_reversal_accel.cpp' ... 
INFO: [HLS 200-111] Finished Source Code Analysis and Preprocessing: CPU user time: 3.23 seconds. CPU system time: 0.43 seconds. Elapsed time: 3.67 seconds; current allocated memory: 270.422 MB.
INFO: [HLS 200-777] Using interface defaults for 'Vivado' flow target.
INFO: [HLS 200-1995] There were 255 instructions in the design after the 'Compile/Link' phase of compilation. See the Design Size Report for more details: /home/fluctlights/HlsProjects/bit_reversal/solution1/syn/report/csynth_design_size.rpt
INFO: [HLS 200-1995] There were 206 instructions in the design after the 'Unroll/Inline (step 1)' phase of compilation. See the Design Size Report for more details: /home/fluctlights/HlsProjects/bit_reversal/solution1/syn/report/csynth_design_size.rpt
INFO: [HLS 200-1995] There were 160 instructions in the design after the 'Unroll/Inline (step 2)' phase of compilation. See the Design Size Report for more details: /home/fluctlights/HlsProjects/bit_reversal/solution1/syn/report/csynth_design_size.rpt
INFO: [HLS 200-1995] There were 159 instructions in the design after the 'Unroll/Inline (step 3)' phase of compilation. See the Design Size Report for more details: /home/fluctlights/HlsProjects/bit_reversal/solution1/syn/report/csynth_design_size.rpt
INFO: [HLS 200-1995] There were 128 instructions in the design after the 'Unroll/Inline (step 4)' phase of compilation. See the Design Size Report for more details: /home/fluctlights/HlsProjects/bit_reversal/solution1/syn/report/csynth_design_size.rpt
INFO: [HLS 200-1995] There were 128 instructions in the design after the 'Array/Struct (step 1)' phase of compilation. See the Design Size Report for more details: /home/fluctlights/HlsProjects/bit_reversal/solution1/syn/report/csynth_design_size.rpt
INFO: [HLS 200-1995] There were 128 instructions in the design after the 'Array/Struct (step 2)' phase of compilation. See the Design Size Report for more details: /home/fluctlights/HlsProjects/bit_reversal/solution1/syn/report/csynth_design_size.rpt
INFO: [HLS 200-1995] There were 128 instructions in the design after the 'Array/Struct (step 3)' phase of compilation. See the Design Size Report for more details: /home/fluctlights/HlsProjects/bit_reversal/solution1/syn/report/csynth_design_size.rpt
INFO: [HLS 200-1995] There were 128 instructions in the design after the 'Array/Struct (step 4)' phase of compilation. See the Design Size Report for more details: /home/fluctlights/HlsProjects/bit_reversal/solution1/syn/report/csynth_design_size.rpt
INFO: [HLS 200-1995] There were 149 instructions in the design after the 'Array/Struct (step 5)' phase of compilation. See the Design Size Report for more details: /home/fluctlights/HlsProjects/bit_reversal/solution1/syn/report/csynth_design_size.rpt
INFO: [HLS 200-1995] There were 145 instructions in the design after the 'Performance (step 1)' phase of compilation. See the Design Size Report for more details: /home/fluctlights/HlsProjects/bit_reversal/solution1/syn/report/csynth_design_size.rpt
INFO: [HLS 200-1995] There were 135 instructions in the design after the 'Performance (step 2)' phase of compilation. See the Design Size Report for more details: /home/fluctlights/HlsProjects/bit_reversal/solution1/syn/report/csynth_design_size.rpt
INFO: [HLS 200-1995] There were 113 instructions in the design after the 'Performance (step 3)' phase of compilation. See the Design Size Report for more details: /home/fluctlights/HlsProjects/bit_reversal/solution1/syn/report/csynth_design_size.rpt
INFO: [HLS 200-1995] There were 113 instructions in the design after the 'Performance (step 4)' phase of compilation. See the Design Size Report for more details: /home/fluctlights/HlsProjects/bit_reversal/solution1/syn/report/csynth_design_size.rpt
INFO: [HLS 200-1995] There were 105 instructions in the design after the 'HW Transforms (step 1)' phase of compilation. See the Design Size Report for more details: /home/fluctlights/HlsProjects/bit_reversal/solution1/syn/report/csynth_design_size.rpt
INFO: [HLS 200-1995] There were 104 instructions in the design after the 'HW Transforms (step 2)' phase of compilation. See the Design Size Report for more details: /home/fluctlights/HlsProjects/bit_reversal/solution1/syn/report/csynth_design_size.rpt
INFO: [HLS 214-291] Loop 'VITIS_LOOP_7_1' is marked as complete unroll implied by the pipeline pragma (bit_reversal/Diseno/bit_reversal_accel.cpp:7:18)
INFO: [HLS 214-186] Unrolling loop 'VITIS_LOOP_7_1' (bit_reversal/Diseno/bit_reversal_accel.cpp:7:18) in function 'reverse_bits' completely with a factor of 32 (bit_reversal/Diseno/bit_reversal_accel.cpp:4:0)
INFO: [HLS 214-364] Automatically inlining function 'reverse_bits(ap_uint<32>)' to improve effectiveness of pipeline pragma in function 'bit_reverse_accel(hls::stream<hls::axis<ap_uint<32>, 0ul, 0ul, 0ul, (unsigned char)56, false>, 0>&, hls::stream<hls::axis<ap_uint<32>, 0ul, 0ul, 0ul, (unsigned char)56, false>, 0>&)' (bit_reversal/Diseno/bit_reversal_accel.cpp:29:32)
INFO: [HLS 200-111] Finished Compiling Optimization and Transform: CPU user time: 2.38 seconds. CPU system time: 0.3 seconds. Elapsed time: 7.32 seconds; current allocated memory: 273.105 MB.
INFO: [HLS 200-111] Finished Checking Pragmas: CPU user time: 0 seconds. CPU system time: 0 seconds. Elapsed time: 0 seconds; current allocated memory: 273.105 MB.
INFO: [HLS 200-10] Starting code transformations ...
INFO: [HLS 200-111] Finished Standard Transforms: CPU user time: 0 seconds. CPU system time: 0 seconds. Elapsed time: 0.01 seconds; current allocated memory: 273.238 MB.
INFO: [HLS 200-10] Checking synthesizability ...
INFO: [HLS 200-111] Finished Checking Synthesizability: CPU user time: 0.01 seconds. CPU system time: 0 seconds. Elapsed time: 0.01 seconds; current allocated memory: 273.320 MB.
INFO: [HLS 200-111] Finished Loop, function and other optimizations: CPU user time: 0.03 seconds. CPU system time: 0 seconds. Elapsed time: 0.04 seconds; current allocated memory: 295.273 MB.
INFO: [HLS 200-111] Finished Architecture Synthesis: CPU user time: 0.02 seconds. CPU system time: 0 seconds. Elapsed time: 0.02 seconds; current allocated memory: 295.273 MB.
INFO: [HLS 200-10] Starting hardware synthesis ...
INFO: [HLS 200-10] Synthesizing 'bit_reverse_accel' ...
INFO: [HLS 200-10] ----------------------------------------------------------------
INFO: [HLS 200-42] -- Implementing module 'bit_reverse_accel' 
INFO: [HLS 200-10] ----------------------------------------------------------------
INFO: [SCHED 204-11] Starting scheduling ...
INFO: [SCHED 204-61] Pipelining loop 'VITIS_LOOP_25_1'.
INFO: [HLS 200-1470] Pipelining result : Target II = 1, Final II = 1, Depth = 3, loop 'VITIS_LOOP_25_1'
INFO: [SCHED 204-11] Finished scheduling.
INFO: [HLS 200-111] Finished Scheduling: CPU user time: 0.02 seconds. CPU system time: 0 seconds. Elapsed time: 0.04 seconds; current allocated memory: 295.273 MB.
INFO: [BIND 205-100] Starting micro-architecture generation ...
INFO: [BIND 205-101] Performing variable lifetime analysis.
INFO: [BIND 205-101] Exploring resource sharing.
INFO: [BIND 205-101] Binding ...
INFO: [BIND 205-100] Finished micro-architecture generation.
INFO: [HLS 200-111] Finished Binding: CPU user time: 0.01 seconds. CPU system time: 0.01 seconds. Elapsed time: 0.01 seconds; current allocated memory: 295.273 MB.
INFO: [HLS 200-10] ----------------------------------------------------------------
INFO: [HLS 200-10] -- Generating RTL for module 'bit_reverse_accel' 
INFO: [HLS 200-10] ----------------------------------------------------------------
WARNING: [RTGEN 206-101] Design contains AXI ports. Reset is fixed to synchronous and active low.
INFO: [RTGEN 206-500] Setting interface mode on port 'bit_reverse_accel/s_axis_V_data_V' to 'axis' (register, both mode).
INFO: [RTGEN 206-500] Setting interface mode on port 'bit_reverse_accel/s_axis_V_keep_V' to 'axis' (register, both mode).
INFO: [RTGEN 206-500] Setting interface mode on port 'bit_reverse_accel/s_axis_V_strb_V' to 'axis' (register, both mode).
INFO: [RTGEN 206-500] Setting interface mode on port 'bit_reverse_accel/s_axis_V_last_V' to 'axis' (register, both mode).
INFO: [RTGEN 206-500] Setting interface mode on port 'bit_reverse_accel/m_axis_V_data_V' to 'axis' (register, both mode).
INFO: [RTGEN 206-500] Setting interface mode on port 'bit_reverse_accel/m_axis_V_keep_V' to 'axis' (register, both mode).
INFO: [RTGEN 206-500] Setting interface mode on port 'bit_reverse_accel/m_axis_V_strb_V' to 'axis' (register, both mode).
INFO: [RTGEN 206-500] Setting interface mode on port 'bit_reverse_accel/m_axis_V_last_V' to 'axis' (register, both mode).
INFO: [RTGEN 206-500] Setting interface mode on function 'bit_reverse_accel' to 'ap_ctrl_hs'.
INFO: [HLS 200-1030] Apply Unified Pipeline Control on module 'bit_reverse_accel' pipeline 'VITIS_LOOP_25_1' pipeline type 'loop pipeline'
INFO: [RTGEN 206-100] Finished creating RTL model for 'bit_reverse_accel'.
INFO: [HLS 200-111] Finished Creating RTL model: CPU user time: 0.02 seconds. CPU system time: 0 seconds. Elapsed time: 0.02 seconds; current allocated memory: 295.273 MB.
INFO: [HLS 200-111] Finished Generating all RTL models: CPU user time: 0.15 seconds. CPU system time: 0.01 seconds. Elapsed time: 0.15 seconds; current allocated memory: 295.273 MB.
INFO: [HLS 200-111] Finished Updating report files: CPU user time: 0.21 seconds. CPU system time: 0.02 seconds. Elapsed time: 0.22 seconds; current allocated memory: 300.695 MB.
INFO: [VHDL 208-304] Generating VHDL RTL for bit_reverse_accel.
INFO: [VLOG 209-307] Generating Verilog RTL for bit_reverse_accel.
INFO: [HLS 200-790] **** Loop Constraint Status: All loop constraints were satisfied.
INFO: [HLS 200-789] **** Estimated Fmax: 250.34 MHz
INFO: [HLS 200-111] Finished Command csynth_design CPU user time: 6.18 seconds. CPU system time: 0.79 seconds. Elapsed time: 11.62 seconds; current allocated memory: 31.617 MB.
==============================================================
Vitis HLS - High-Level Synthesis from C, C++ and OpenCL v2023.2 (64-bit)
Tool Version Limit: 2023.10
Copyright 1986-2022 Xilinx, Inc. All Rights Reserved.
Copyright 2022-2023 Advanced Micro Devices, Inc. All Rights Reserved.

==============================================================
INFO: [SYN 201-201] Setting up clock 'default' with a period of 10ns.
INFO: [HLS 200-1611] Setting target device to 'xc7a200t-fbg676-2'
INFO: [HLS 200-1505] Using flow_target 'vivado'
INFO: [HLS 200-1464] Running solution command: config_cosim -tool=xsim
INFO: [HLS 200-1464] Running solution command: config_export -flow=syn
INFO: [HLS 200-1464] Running solution command: config_export -format=ip_catalog
INFO: [HLS 200-1464] Running solution command: config_export -output=/home/fluctlights/HlsProjects/bit_reversal/RTL_export
INFO: [HLS 200-1464] Running solution command: config_export -rtl=verilog
INFO: [HLS 200-1464] Running solution command: config_export -vivado_clock=10
INFO: [HLS 200-1510] Running: set_part xc7a200t-fbg676-2 
INFO: [HLS 200-1510] Running: create_clock -period 10 -name default 
INFO: [HLS 200-1510] Running: config_cosim -tool xsim 
INFO: [HLS 200-1510] Running: config_export -flow syn -format ip_catalog -output /home/fluctlights/HlsProjects/bit_reversal/RTL_export -rtl verilog -vivado_clock 10 
INFO: [HLS 200-1510] Running: source ./bit_reversal/solution1/directives.tcl
INFO: [HLS 200-1510] Running: set_directive_top -name bit_reverse_accel bit_reverse_accel 
INFO: [HLS 200-1510] Running: cosim_design 
WARNING: [HLS 200-626] This design is unable to schedule all read ports in the first II cycle. The RTL testbench may treat the design as non-pipelined
INFO: [COSIM 212-47] Using XSIM for RTL simulation.
INFO: [COSIM 212-14] Instrumenting C test bench ...
INFO: [COSIM 212-302] Starting C TB testing ... 
INFO: [COSIM 212-333] Generating C post check test bench ...
INFO: [COSIM 212-12] Generating RTL test bench ...
INFO: [COSIM 212-1] *** C/RTL co-simulation file generation completed. ***
INFO: [COSIM 212-323] Starting verilog simulation. 
INFO: [COSIM 212-15] Starting XSIM ...
INFO: [COSIM 212-316] Starting C post checking ...
INFO: [COSIM 212-1000] *** C/RTL co-simulation finished: PASS ***
INFO: [COSIM 212-211] II is measurable only when transaction number is greater than 1 in RTL simulation. Otherwise, they will be marked as all NA. If user wants to calculate them, please make sure there are at least 2 transactions in RTL simulation.
INFO: [HLS 200-111] Finished Command cosim_design CPU user time: 20.15 seconds. CPU system time: 1.6 seconds. Elapsed time: 22.14 seconds; current allocated memory: 13.262 MB.
==============================================================
Vitis HLS - High-Level Synthesis from C, C++ and OpenCL v2023.2 (64-bit)
Tool Version Limit: 2023.10
Copyright 1986-2022 Xilinx, Inc. All Rights Reserved.
Copyright 2022-2023 Advanced Micro Devices, Inc. All Rights Reserved.

==============================================================
INFO: [SYN 201-201] Setting up clock 'default' with a period of 10ns.
INFO: [HLS 200-1611] Setting target device to 'xc7a200t-fbg676-2'
INFO: [HLS 200-1505] Using flow_target 'vivado'
INFO: [HLS 200-1464] Running solution command: config_cosim -tool=xsim
INFO: [HLS 200-1464] Running solution command: config_export -flow=syn
INFO: [HLS 200-1464] Running solution command: config_export -format=ip_catalog
INFO: [HLS 200-1464] Running solution command: config_export -output=/home/fluctlights/HlsProjects/bit_reversal/RTL_export
INFO: [HLS 200-1464] Running solution command: config_export -rtl=verilog
INFO: [HLS 200-1464] Running solution command: config_export -vivado_clock=10
INFO: [HLS 200-1510] Running: set_part xc7a200t-fbg676-2 
INFO: [HLS 200-1510] Running: create_clock -period 10 -name default 
INFO: [HLS 200-1510] Running: config_cosim -tool xsim 
INFO: [HLS 200-1510] Running: config_export -flow syn -format ip_catalog -output /home/fluctlights/HlsProjects/bit_reversal/RTL_export -rtl verilog -vivado_clock 10 
INFO: [HLS 200-1510] Running: source ./bit_reversal/solution1/directives.tcl
INFO: [HLS 200-1510] Running: set_directive_top -name bit_reverse_accel bit_reverse_accel 
INFO: [HLS 200-1510] Running: export_design -rtl verilog -format ip_catalog -output /home/fluctlights/HlsProjects/bit_reversal/RTL_export 
INFO: [IMPL 213-8] Exporting RTL as a Vivado IP.
INFO: [IMPL 213-8] Starting RTL evaluation using Vivado ...
INFO: [HLS 200-802] Generated output file bit_reversal/RTL_export/export.zip
INFO: [HLS 200-111] Finished Command export_design CPU user time: 149.35 seconds. CPU system time: 5.85 seconds. Elapsed time: 152.47 seconds; current allocated memory: 7.637 MB.
==============================================================
Vitis HLS - High-Level Synthesis from C, C++ and OpenCL v2023.2 (64-bit)
Tool Version Limit: 2023.10
Copyright 1986-2022 Xilinx, Inc. All Rights Reserved.
Copyright 2022-2023 Advanced Micro Devices, Inc. All Rights Reserved.

==============================================================
INFO: [SYN 201-201] Setting up clock 'default' with a period of 10ns.
INFO: [HLS 200-1611] Setting target device to 'xc7a200t-fbg676-2'
INFO: [HLS 200-1505] Using flow_target 'vivado'
INFO: [HLS 200-1464] Running solution command: config_cosim -tool=xsim
INFO: [HLS 200-1464] Running solution command: config_export -flow=syn
INFO: [HLS 200-1464] Running solution command: config_export -format=ip_catalog
INFO: [HLS 200-1464] Running solution command: config_export -output=/home/fluctlights/HlsProjects/bit_reversal/RTL_export
INFO: [HLS 200-1464] Running solution command: config_export -rtl=verilog
INFO: [HLS 200-1464] Running solution command: config_export -vivado_clock=10
INFO: [HLS 200-1510] Running: set_part xc7a200t-fbg676-2 
INFO: [HLS 200-1510] Running: create_clock -period 10 -name default 
INFO: [HLS 200-1510] Running: config_cosim -tool xsim 
INFO: [HLS 200-1510] Running: config_export -flow syn -format ip_catalog -output /home/fluctlights/HlsProjects/bit_reversal/RTL_export -rtl verilog -vivado_clock 10 
INFO: [HLS 200-1510] Running: source ./bit_reversal/solution1/directives.tcl
INFO: [HLS 200-1510] Running: set_directive_top -name bit_reverse_accel bit_reverse_accel 
INFO: [HLS 200-1510] Running: export_design -flow syn -rtl verilog -format ip_catalog -output /home/fluctlights/HlsProjects/bit_reversal/RTL_export 
INFO: [IMPL 213-8] Exporting RTL as a Vivado IP.
INFO: [IMPL 213-8] Starting RTL evaluation using Vivado ...
INFO: [HLS 200-802] Generated output file bit_reversal/RTL_export/export.zip
INFO: [HLS 200-111] Finished Command export_design CPU user time: 133.49 seconds. CPU system time: 5.35 seconds. Elapsed time: 137.67 seconds; current allocated memory: 7.883 MB.
